"IngredientName","CASNumber","Pathway","Toxicity","FoodAdditive","T3DB","ProteinTargets"
"Sodium persulfate","7775-27-1",NA,NA,"N",NA,"N"
"Distillates (petroleum), hydrotreated light","64742-47-8",NA,NA,"N",NA,"N"
"Hydrochloric acid","7647-01-0",NA,NA,"Y","T3D4968","N"
"Potassium carbonate","584-08-7",NA,NA,"Y",NA,"N"
"Prop-2-yn-1-ol","107-19-7",NA,NA,"N",NA,"N"
"Diesel","68476-34-6",NA,NA,"N",NA,"N"
"Guar gum","9000-30-0",NA,NA,"Y",NA,"N"
"Hemicellulase enzyme","9012-54-8",NA,NA,"N",NA,"N"
"Crystalline silica","14808-60-7",NA,NA,"N",NA,"N"
"Tributyl tetradecyl phosphonium chloride","81741-28-8",NA,NA,"N",NA,"N"
"Fresh Water","7732-18-5",NA,NA,"N",NA,"N"
"Methanol","67-56-1",NA,NA,"Y","T3D0771","Y"
"Ammonium chloride","12125-02-9",NA,NA,"Y",NA,"N"
"Fatty acids, tall-oil","61790-12-3",NA,NA,"N",NA,"N"
"Sodium erythorbate","6381-77-7",NA,NA,"Y",NA,"N"
"Sorbitol","50-70-4",NA,NA,"Y",NA,"N"
"Thiourea, polymer with formaldehyde and 1-phenylethanone","68527-49-1",NA,NA,"N",NA,"N"
"Alcohols, C14-15, ethoxylated (7EO)","68951-67-7",NA,NA,"N",NA,"N"
"Bis(hydrogenated tallow alkyl)dimethylammonium bentonite","68953-58-2",NA,NA,"N",NA,"N"
"Trisodium Ethylenediaminetetraacetate (impurity)","150-38-9",NA,NA,"N",NA,"N"
"Trisodium nitrilotriacetate (impurity)","5064-31-3",NA,NA,"Y",NA,"N"
"Sodium chloride","7647-14-5",NA,NA,"Y","T3D4666","Y"
"Boric acid","10043-35-3",NA,NA,"Y","T3D3799","Y"
"Dicoco dimethyl quaternary ammonium chloride","61789-77-3",NA,NA,"Y",NA,"N"
"Diammonium peroxidisulphate","7727-54-0",NA,NA,"Y",NA,"N"
"Glutaraldehyde","111-30-8","Testosterone",NA,"Y","T3D4844","Y"
"Hexadec-1-ene","629-73-2",NA,NA,"N",NA,"N"
"Propan-2-ol","67-63-0",NA,NA,"Y","T3D4699","Y"
"Sodium bromate","7789-38-0",NA,NA,"N","T3D1718","Y"
"Sodium Glycolate (impurity)","2836-32-0",NA,NA,"N",NA,"N"
"Sodium hydroxide","1310-73-2",NA,NA,"Y",NA,"N"
"1-Octadecene (C18)","112-88-9",NA,NA,"N",NA,"N"
"Alcohols, C10-C16, ethoxylated","68002-97-1",NA,NA,"N",NA,"N"
"Decyl-dimethyl amine oxide","2605-79-0",NA,NA,"N",NA,"N"
"Decyldimethyl amine (impurity)","1120-24-7",NA,NA,"N",NA,"N"
"Formic acid","64-18-6",NA,NA,"Y",NA,"N"
"Formaldehyde","50-00-0",NA,224,"Y","T3D0244","Y"
"Hydrogen peroxide (impurity)","7722-84-1",NA,NA,"Y",NA,"N"
"Tetramethylammonium chloride","75-57-0",NA,NA,"N",NA,"N"
"Tetrasodium ethylenediaminetetraacetate","64-02-8",NA,NA,"Y",NA,"N"
"Alcohols, C12-13, ethoxylated","66455-14-9",NA,NA,"N",NA,"N"
"Acrylamide, 2-acrylamido-2-methylpropanesulfonic acid, sodium salt polymer","38193-60-1",NA,NA,"N",NA,"N"
"Disodium Ethylene Diamine Tetra Acetate (impurity)","139-33-3",NA,NA,"Y",NA,"N"
"Non-crystalline silica (impurity)","7631-86-9",NA,NA,"Y",NA,"N"
"Gum, xanthan","11138-66-2",NA,NA,"Y",NA,"N"
"Sodium tetraborate","1330-43-4",NA,NA,"Y",NA,"N"
"Ethylene Glycol","107-21-1",NA,NA,"N","T3D0772","N"
"Aluminum chloride hydroxide sulfate","39290-78-3",NA,NA,"N",NA,"N"
"Titanium dioxide","13463-67-7",NA,NA,"Y",NA,"N"
"Ethanol","64-17-5","Hormone",NA,"Y","T3D0770","Y"
"1,2,4 Trimethylbenzene","95-63-6",NA,NA,"N","T3D4877","Y"
"Naphtha, hydrotreated heavy","64742-48-9",NA,NA,"N",NA,"N"
"Heavy aromatic petroleum naphtha","64742-94-5",NA,NA,"N",NA,"N"
"Iron oxide","1309-37-1",NA,NA,"Y",NA,"N"
"Oxyalkylated phenolic resin","Proprietary",NA,NA,"N",NA,"N"
"Naphthalene","91-20-3","Hormone",81,"N","T3D0078","Y"
"Potassium metaborate","13709-94-9",NA,NA,"N",NA,"N"
"Sodium carboxymethyl cellulose","9004-32-4",NA,NA,"Y",NA,"N"
"Chlorous acid, sodium salt","7758-19-2",NA,NA,"Y",NA,"N"
"Aluminum oxide","1344-28-1","Estrogen",NA,"N","T3D1509","Y"
"Crystalline silica, cristobalite","14464-46-1",NA,NA,"N",NA,"N"
"Fatty alcohol polyglycol ether surfactant","9043-30-5",NA,NA,"N",NA,"N"
"Potassium formate","590-29-4",NA,NA,"N",NA,"N"
"Poly(oxy-1,2-ethanediyl), alpha-(4-nonylphenyl)-omega-hydroxy-, branched","127087-87-0",NA,NA,"N",NA,"N"
"Potassium hydroxide","1310-58-3",NA,NA,"Y",NA,"N"
"Sintered bauxite","1318-16-7",NA,NA,"N",NA,"N"
"Aluminum silicate","1302-76-7",NA,NA,"N",NA,"N"
"Sorbitan monooleate polyoxyethylene derivative","9005-65-6",NA,NA,"Y",NA,"N"
"Sodium perborate tetrahydrate","10486-00-7",NA,NA,"N",NA,"N"
"Sorbitan, mono-9-octadecenoate, (Z)","1338-43-8",NA,NA,"Y","T3D4854","Y"
"Alcohols, C12-14-secondary, ethoxylated","84133-50-6",NA,NA,"N",NA,"N"
"Dodecylbenzenesulfonic acid","27176-87-0",NA,NA,"N",NA,"N"
"Polyethylene Glycol Mixture","25322-68-3",NA,NA,"Y",NA,"N"
"Thiocyanic acid, ammonium salt","1762-95-4","Estrogen",NA,"N","T3D0760","Y"
"Hexamethylenetetramine","100-97-0",NA,NA,"N","T3D4834","Y"
"Tetrakis(Hydroxymethyl) Phosphonium Sulfate","55566-30-8",NA,NA,"N",NA,"N"
"Ethylene glycol monobutyl ether","111-76-2",NA,NA,"Y",NA,"N"
"Quarternary Ammonium Chloride","70750-07-1",NA,NA,"N",NA,"N"
"Phenalic Resin","9003-35-4",NA,NA,"N",NA,"N"
"ammonium, (2-Hydroxyethyl)trimethyl-, chloride","67-48-1",NA,NA,"Y",NA,"N"
"2-Propenoic Acid, Polymer with 2-propenamide","9003-06-9",NA,NA,"Y",NA,"N"
"Citric acid","77-92-9",NA,NA,"Y",NA,"N"
"polydimethylsiloxane","63148-62-9",NA,NA,"N",NA,"N"
"Mullite","1302-93-8",NA,NA,"N",NA,"N"
"Alcohols, C12-16, ethoxylated","68551-12-2",NA,NA,"N",NA,"N"
"Sodium sulfate","7757-82-6",NA,NA,"N",NA,"N"
"2-Bromo-2-nitro-1,3-propanediol","52-51-7","Estrogen",NA,"N","T3D1724","Y"
"Borate  salt","1319-33-1",NA,NA,"N",NA,"N"
"Propan-2-ol","67-30-0",NA,NA,"N",NA,"N"
"Didecyl Dimethyl Ammonium Chloride","7173-51-5",NA,NA,"N",NA,"N"
"Sodium Polyacrylate","9003-04-7",NA,NA,"Y",NA,"N"
"Quaternary Ammonium Compound","68454-85-1",NA,NA,"N",NA,"N"
"Non-MSDS Components Not Provided by Supplier","N/A",NA,NA,"N",NA,"N"
"Ethoxylated Nonylphenol","68412-54-4",NA,NA,"N",NA,"N"
"Calcined Diatomaceous Earth","91053-39-3",NA,NA,"N",NA,"N"
"Phosphoric Acid","13598-36-2",NA,NA,"N",NA,"N"
"Nonylphenol Ethoxylates","CBI",NA,NA,"N",NA,"N"
"Sodium Tetraborate","1303-96-4",NA,NA,"Y",NA,"N"
"Amino Tri (methylene phosphonic acid)","6419-19-8",NA,NA,"N",NA,"N"
"Magnesium chloride hexahydrate","7791-18-6",NA,NA,"N",NA,"N"
"Calcium chloride","10043-52-4",NA,NA,"N",NA,"N"
"Terpenes and Terpenoids, sweet orange-oil","68647-72-3",NA,NA,"N",NA,"N"
"No Reportable Components","977014-38-2",NA,NA,"Y",NA,"N"
"Methyl Isobutyl Ketone","108-10-1",NA,NA,"Y",NA,"N"
"Bentonite, benzyl(hydrogenated tallow alkyl) dimethylammonium stearate complex","121888-68-4",NA,NA,"N",NA,"N"
"Silica gel","112926-00-8",NA,NA,"N",NA,"N"
"Sodium perBorate  tetrahydrate","7632-04-4",NA,NA,"N",NA,"N"
"CMHPG","68130-15-4",NA,NA,"N",NA,"N"
"Sodium Metaborate","7775-19-1",NA,NA,"N",NA,"N"
"Alcohol ethoxylate","34398-01-1",NA,NA,"N",NA,"N"
"2,2 Dibromo-3-Nitrilopropionamide","10222-01-2",NA,NA,"Y",NA,"N"
"Nitrogen","7727-37-9",NA,NA,"Y",NA,"N"
"Diethylene glycol","111-46-6",NA,NA,"N",NA,"N"
"Potassium Dimethyldithiocarbamate","128-03-0",NA,NA,"N",NA,"N"
"Monoethanolamine borate","10377-81-8",NA,NA,"N",NA,"N"
"quaternary ammonium","61789-18-2",NA,NA,"N",NA,"N"
"Chloromethylnaphthalene quinoline quaternary amine","15619-48-4",NA,NA,"N",NA,"N"
"Proteolytic Enzyme","9014-01-1",NA,NA,"N",NA,"N"
"Sodium carbonate","497-19-8",NA,NA,"Y",NA,"N"
"Citrus Terpenes","94266-47-4",NA,NA,"N",NA,"N"
"Poly (acrylamide-co-acrylic acid). Partial sodium salt","62649-23-4",NA,NA,"N",NA,"N"
"Quaternary ammonium salt","Trade Secret",NA,NA,"N",NA,"N"
"Linear Alkyl Benzene Sulfonate","68081-81-2",NA,NA,"N",NA,"N"
"Alcohol Ether Suflate","68585-34-2",NA,NA,"N",NA,"N"
"Sulfamic Acid","5329-14-6",NA,NA,"Y",NA,"N"
"Acetic Acid","64-19-7","Hormone",NA,"Y","T3D3268","Y"
"Acetic Anhydride","108-24-7",NA,NA,"Y",NA,"N"
"Ethoxylated propoxylated 4-nonlphenol-formaldehyde resin","30846-35-6",NA,NA,"N",NA,"N"
"Alcohol,C9-11-iso,C10,ethoxylated","78330-20-8",NA,NA,"N",NA,"N"
"Vinylidene chloride/methylacrylate copolymer","25038-72-6",NA,NA,"N",NA,"N"
"Ethoxylated branched C13 alcohol","78330-21-9",NA,NA,"N",NA,"N"
"Magnesium silicate hydrate (talc)","14807-96-6",NA,NA,"Y",NA,"N"
"Quaternaryammonium compounds chlorides derivatives","68989-00-4",NA,NA,"N",NA,"N"
"Alcohol, C7-9-iso, C8, ethoxylated","78330-19-5",NA,NA,"N",NA,"N"
"olefin","64743-02-8",NA,NA,"N",NA,"N"
"Pyridine, alkyl derives., quaternized with benzyl chloride","68909-18-2",NA,NA,"N",NA,"N"
"Monoethanolamine","141-43-5",NA,NA,"Y","T3D4769","Y"
"Dipropylene glycol methyl ether","34590-94-8",NA,NA,"N",NA,"N"
"Antimony potassium oxide","29638-69-5",NA,NA,"N",NA,"N"
"N,N-Dimethylformamide","68-12-2",NA,251,"N",NA,"N"
"Cinnamaldehyde","104-55-2",NA,NA,"Y","T3D4985","Y"
"Propylene Glycol","57-55-6",NA,NA,"Y","T3D4778","Y"
"N-dodecyl-2-pyrrolidone","2687-96-9",NA,NA,"N",NA,"N"
"Potassium Chloride","7447-40-7",NA,NA,"Y","T3D4731","Y"
"Potassium acetate","127-08-2",NA,NA,"Y",NA,"N"
"Triethyl Phosphate","78-40-0","Estrogen",NA,"N","T3D4828","Y"
"Zirconium, chloro hydroxy lactate oxo sodium complexes","174206-15-6",NA,NA,"N",NA,"N"
"Triisopropanolamine","122-20-3",NA,NA,"N",NA,"N"
"Ammonium acetate","631-61-8",NA,NA,"Y",NA,"N"
"Ammonium Sulfate","7783-20-2",NA,NA,"Y",NA,"N"
"Propanol","71-23-8",NA,NA,"Y",NA,"N"
"Glycerine","56-81-5",NA,NA,"Y","T3D4360","Y"
"Triethanolamine zirconate","101033-44-7",NA,NA,"N",NA,"N"
"Carbon dioxide","124-38-9",NA,NA,"Y","T3D2563","Y"
"Magnesium Silicate","1343-88-0",NA,NA,"Y",NA,"N"
"Magnesium Iron Silicate","1317-71-1",NA,NA,"N",NA,"N"
"Oxirane, 2-methyl-, polymer with oxirane, mono-(9Z)-9-octadecenoate, methyl ether","72283-36-4",NA,NA,"N",NA,"N"
"Polylactide resin","9051-89-2",NA,NA,"N",NA,"N"
"1,4-Benzenedicarboxylic acid, polymer with 1,2-ethanediol and a-hydro-w-hydroxypoly(oxy-1,2-ethanediyl)","9016-88-0",NA,NA,"N",NA,"N"
"Polyethylene glycol monohexyl ether","31726-34-8",NA,NA,"N",NA,"N"
"Phosphoric acid, dodecyl ester, potassium salt","39322-78-6",NA,NA,"N",NA,"N"
"Sodium thiosulphate","7772-98-7",NA,NA,"N",NA,"N"
"C12 fatty alcohol","112-53-8",NA,NA,"Y",NA,"N"
"Magnesium Peroxide","1335-26-8",NA,NA,"N",NA,"N"
"Oxyakylated Amine Quat","138879-94-4",NA,NA,"N",NA,"N"
"Benzyl Chloride","100-44-7",NA,NA,"N",NA,"N"
"Magnesium Hydroxide","1309-42-8",NA,NA,"Y",NA,"N"
"White Mineral Oil","8042-47-5",NA,NA,"N",NA,"N"
"Magnesium Oxide","1309-48-4",NA,NA,"Y",NA,"N"
"Polyethoxylated fatty amine salt","61791-26-2",NA,NA,"N",NA,"N"
"Naphthenic acid ethoxylate","68410-62-8",NA,NA,"N",NA,"N"
"Sodium iodide","7681-82-5",NA,NA,"N",NA,"N"
"Sodium hypochlorite","7681-52-9",NA,NA,"Y","T3D4970","N"
"Ammonium phosphate","7722-76-1",NA,NA,"Y",NA,"N"
"Glycolic Acid","79-14-1",NA,NA,"N","T3D3660","Y"
"Methoxyacetic acid","625-45-6",NA,NA,"N",NA,"N"
"Butyl glycidyl ether","2426-08-6",NA,NA,"N",NA,"N"
"Butyl lactate","138-22-7","Estrogen",NA,"Y","T3D4913","Y"
"Kerosene","8008-20-6",NA,NA,"N",NA,"N"
"Ethyl octynol","5877-42-9",NA,NA,"N",NA,"N"
"2-Monobromo-2-nitrilopropionamide","1113-55-9",NA,NA,"N",NA,"N"
"Peroxyacetic Acid","79-21-0",NA,NA,"Y",NA,"N"
"Sodium bicarbonate","144-55-8",NA,NA,"Y",NA,"N"
"Benzoic acid","65-85-0","Estrogen",NA,"Y","T3D4785","Y"
"Sodium Acetate","127-09-3",NA,NA,"N",NA,"N"
"Morpholine","110-91-8",NA,NA,"Y",NA,"N"
"Alkyl sulfonate salt","12068-08-5",NA,NA,"N",NA,"N"
"Polyethylene glycol monooleate","9004-96-0",NA,NA,"N",NA,"N"
"Acrylamide P/W acrylic acid ammonium salt","26100-47-0",NA,NA,"N",NA,"N"
"Ammonium Acrylate","10604-69-0",NA,NA,"N",NA,"N"
"propylene carbonate","108-32-7",NA,NA,"N",NA,"N"
"Sorbitol Tetraoleate","61723-83-9",NA,NA,"N",NA,"N"
"Acrylamide","79-06-1",NA,NA,"N",NA,"N"
"Sorbitan trioleate","26266-58-0",NA,NA,"N",NA,"N"
"methylcellulose","9004-67-5",NA,NA,"Y",NA,"N"
"Petroleum distillates, dewaxed heavy paraffinic","64742-65-0",NA,NA,"N",NA,"N"
"Petroleum distillates, hydrotreated heavy paraffinic","64742-54-7",NA,NA,"N",NA,"N"
"Diethanolamide","111-42-2","Estrogen",NA,"N","T3D4845","Y"
"Tetrahvdro-3,5-dirnethvl-2H-1,3,5-thiadiazine-2-thione","533-74-4","Testosterone",NA,"N","T3D3822","Y"
"Polyoxyalkylene glycol butyl ether","9004-77-7",NA,NA,"N",NA,"N"
"Thioglycolic acid","68-11-1",NA,NA,"N",NA,"N"
"Water","Supplied by Operator",NA,NA,"N",NA,"N"
"Glassy calcium magnesium phosphate","65997-17-3",NA,NA,"N",NA,"N"
"Ammonium phosphite","13446-12-3",NA,NA,"N",NA,"N"
"Surfactant","68439-51-0",NA,NA,"N",NA,"N"
"Zirconium, acetate lactate oxo ammonium complexes","68909-34-2",NA,NA,"N",NA,"N"
"Lactic acid","50-21-5",NA,NA,"Y",NA,"N"
"Corundum","1302-74-5",NA,NA,"N",NA,"N"
"Sulfuric Acid","7664-93-9",NA,NA,"Y","T3D5000","N"
"Sulfur Dioxide","7446-09-5",NA,NA,"Y",NA,"N"
"Organic hydroperoxide","75-91-2",NA,NA,"N",NA,"N"
"Alcohol Ethoxylated","68439-50-9",NA,NA,"N",NA,"N"
"Benzene, C10-16 Alkyl Derivatives","68648-87-3",NA,NA,"N",NA,"N"
"Copolymer of acrylamide and sodium acrylate","25987-30-8",NA,NA,"N",NA,"N"
"Dibromoacetonitrile","3252-43-5",NA,NA,"N",NA,"N"
"2-Ethyl Hexanol","104-76-7",NA,NA,"Y",NA,"N"
"Cupric Chloride","10125-13-0",NA,NA,"N",NA,"N"
"Phosphoric Acid","7664-38-2","Estrogen",NA,"Y","T3D4896","Y"
"N-Cocoamidopropyl-N,N-dimethyl-N-2-hydroxypropylsulfobetaine ","68139-30-0",NA,NA,"N",NA,"N"
"Tar bases, quinoline derivs, benzyl chloride-quaternized","72480-70-7",NA,NA,"N",NA,"N"
"Aqua Ammonia","1336-21-6",NA,NA,"Y",NA,"N"
"Potassium Iodide","7681-11-0",NA,NA,"Y",NA,"N"
"Sugar","57-50-1",NA,NA,"Y",NA,"N"
"2-Mercaptoethanol or Thioglycol","60-24-2",NA,NA,"Y",NA,"N"
"Dimethyldiallyammonium chloride ","7398-69-8",NA,NA,"N",NA,"N"
"Dimethylcocoamine, bis(chloroethyl) ether, diquaternary ammonium salt","68607-28-3",NA,NA,"N",NA,"N"
"1-OCTANOL","111-87-5",NA,NA,"Y",NA,"N"
"1-DECANOL","112-30-1",NA,NA,"Y",NA,"N"
"Alcohols, C12-14-secondary ","126950-60-5",NA,NA,"N",NA,"N"
"Nonyl Phenol, 4 Mol","104-40-5","Estrogen",NA,"N","T3D4836","Y"
"Organo phosphorus salt","General",NA,NA,"N",NA,"N"
"Lactose","63-42-3",NA,NA,"Y",NA,"N"
"Copper chloride dihydrate","7447-39-4",NA,NA,"N","T3D1209","Y"
"Ceramic materials and wares, chemicals","66402-68-4",NA,NA,"N",NA,"N"
"Ethylbenzene (impurity)","100-41-4",NA,132,"N","T3D0099","Y"
"4-nonylphenol, ethoxylated","26027-38-3",NA,NA,"N",NA,"N"
"Ethoxylated 4-nonylphenol-formaldehyde resin","63428-92-2",NA,NA,"N",NA,"N"
"Ammonium mercaptoacetate","5421-46-5",NA,NA,"N",NA,"N"
"Formaldehyde, polymer with 4-(1,1-dimethylethyl)phenol, 2-methyloxirane, 4-nonylphenol and oxirane","68188-99-8",NA,NA,"N",NA,"N"
"Bisphenol A / Epichlorohydrin Resin","25068-38-6",NA,NA,"N",NA,"N"
"Diethylenetriamine","111-40-0","Testosterone",NA,"Y","T3D4901","Y"
"Sodium Salt of Phosphate Ester","68131-72-6",NA,NA,"N",NA,"N"
"Acrylic Polymer","28205-96-1",NA,NA,"N",NA,"N"
"Dymethylbenzylommonium Chloride","68424-85-1",NA,NA,"N",NA,"N"
"Poly(oxy-1,2-ethanediyl), -sulfo-hydroxy-, C10-16-alkyl ethers, ammonium salts","68037-05-8",NA,NA,"N",NA,"N"
"Poly (oxy-1,2-ethanediyl)","24938-91-8",NA,NA,"N",NA,"N"
"Phosphonic acid,[iminobis(methylene)]bis-, N-coco alkyl derivs., ammonium salts","68649-37-6",NA,NA,"N",NA,"N"
"Sulfonic acids, C14-16-alkane hydroxy and C14-16 alkene, sodium salts","68439-57-6",NA,NA,"N",NA,"N"
"Paraffinic Petroleum Distillate","64742-55-8",NA,NA,"N",NA,"N"
"Polyamines","68815-65-1",NA,NA,"N",NA,"N"
"Sodium mon/Di dodecyl Disulfonated Diphenyl Oxide","68411-30-3",NA,NA,"N",NA,"N"
"Modified Amide","68442-77-3",NA,NA,"N",NA,"N"
"Boric Anhydride","1303-86-2",NA,NA,"N",NA,"N"
"Alkyl Benzenesulfonic Acid","68584-22-5",NA,NA,"N",NA,"N"
"Epichlorohydrin","106-89-8",NA,NA,"N",NA,"N"
"Chlorine Dioxide","10049-04-4",NA,NA,"Y",NA,"N"
"Stannous Chloride Dihydrate","10025-69-1",NA,NA,"N",NA,"N"
"Acrylic Polymers","26006-22-4",NA,NA,"Y",NA,"N"
"Light Aromatic Naphtha","64742-95-6",NA,NA,"N",NA,"N"
"Polyethylene Glycol Mono-tri-decyl Ether Phosphate","9046-01-9",NA,NA,"N",NA,"N"
"Methyl Borate","121-43-7",NA,NA,"N",NA,"N"
"1-Butoxy-2-Propanol","5131-66-8",NA,NA,"N",NA,"N"
"HEMICELLULASE ENZYME CONCENTRATE","9025-56-3",NA,NA,"N",NA,"N"
"2-Amino-2-Methyl-1-Propanol","124-68-5",NA,NA,"N",NA,"N"
"3,4,4 Trimethyloxazolidine","75673-43-7",NA,NA,"N",NA,"N"
"4,4 Dimethyloxazolidine","51200-87-4",NA,NA,"N",NA,"N"
"2-Propenoic, Polymer with Sodium Phosphinate, Sodium Salt","71050-62-9",NA,NA,"Y",NA,"N"
"Polyacrylate","NP-SCW720",NA,NA,"N",NA,"N"
"Organic Polyol","112-27-6",NA,NA,"N",NA,"N"
"Raffinates (Petroleum), Sorption Process","64741-85-1",NA,NA,"N",NA,"N"
"Surfactant","154518-36-2",NA,NA,"N",NA,"N"
"Hydrated aluminium-magnesium silicate (palygorskite)","12174-11-7",NA,NA,"Y",NA,"N"
"Clay","1302-78-9",NA,NA,"Y",NA,"N"
"Cationic Poly Acrylamide","69418-26-4",NA,NA,"N",NA,"N"
"Stannous Cholride","7772-99-8","Hormone",NA,"Y","T3D1232","Y"
"Polymer containing phosphonate, sulphonate, carboxyl functional groups, sodium salt","397256-50-7",NA,NA,"N",NA,"N"
"Poly(dimethylaminoethylmethylacrylate) dimethyl sulphate quat.","27103-90-8",NA,NA,"N",NA,"N"
"Polyvinylidene chloride","9002-85-1",NA,NA,"N",NA,"N"
"Zirconium dichloride oxide","7699-43-6",NA,NA,"N",NA,"N"
"Reaction product of: acetophenone, formaldehyde, cyclohexylamine, methanol and acetic acid","224635-63-6",NA,NA,"N",NA,"N"
"1-(1-Naphthylmethyl)quinolinium chloride","65322-65-8",NA,NA,"N",NA,"N"
"Acetophenone","98-86-2",NA,NA,"Y",NA,"N"
"Dioxane ","123-91-1",NA,214,"N","T3D0210","Y"
"Acetaldehyde","75-07-0",NA,NA,"Y","T3D3471","Y"
"Ethylene Oxide","75-21-8",NA,NA,"Y","T3D4207","N"
"Sodium Bisulfite","7631-90-5",NA,NA,"Y",NA,"N"
"N-Alkyl Dimethyl Benzyl Ammonium Chloride","139-08-2",NA,NA,"N",NA,"N"
"Ethanolamine Borate","68425-67-2",NA,NA,"N",NA,"N"
"Dodecylbenzenesulfonic acid, monoethanolamine salt","26836-07-7",NA,NA,"N",NA,"N"
"Arlacel 83","8007-43-0",NA,NA,"N",NA,"N"
"Methyl oxirane polymer with oxirane","9003-11-6",NA,NA,"N",NA,"N"
"Alcohol, C9-C11, Ethoxylated","68439-46-3",NA,NA,"N",NA,"N"
"Acrylamide sodium acrylate copolymer","25085-02-3",NA,NA,"Y",NA,"N"
"Sodium metabisulfite","7681-57-4",NA,NA,"Y",NA,"N"
"Poly(oxyethylene) sorbitol monostearate","9005-67-8",NA,NA,"Y",NA,"N"
"diester of sulfosuccinic acid sodium salt","2673-22-5",NA,NA,"N",NA,"N"
"Alkylaryl Sulfonate","68584-27-0",NA,NA,"N",NA,"N"
"Fatty Amide Derivative","70851-08-0",NA,NA,"N",NA,"N"
"Xylene","1330-20-7",NA,65,"N",NA,"N"
"1,2,3-Trimethylbenzene","526-73-8",NA,NA,"N",NA,"N"
"Alkyl Sulfate","142-31-4",NA,NA,"N",NA,"N"
"Oxyalkylated Alcohol","68439-45-2",NA,NA,"N",NA,"N"
"Cumene","98-82-8",NA,NA,"N","T3D3468","N"
"1,3,5-Trimethylbenzene","108-67-8",NA,NA,"N",NA,"N"
"Fatty Acid Oxyalkylate","70142-34-6",NA,NA,"N",NA,"N"
"Fatty Acid Esters","67701-32-0",NA,NA,"N",NA,"N"
"Tall oil acid diethanolamide","68155-20-4",NA,NA,"N",NA,"N"
"Amines, coco alkyl, ethoxylated","61791-14-8",NA,NA,"N",NA,"N"
"Apatite","64476-38-6",NA,NA,"N",NA,"N"
"Ilmenite","98072-94-7",NA,NA,"N",NA,"N"
"Goethite","1310-14-1",NA,NA,"N",NA,"N"
"Calcium Carbonate","471-34-1",NA,NA,"Y",NA,"N"
"Biotite","1302-27-8",NA,NA,"N",NA,"N"
"Illite","12173-60-3",NA,NA,"N",NA,"N"
"Linseed Meal","8001-26-1",NA,NA,"N",NA,"N"
"Soy Isoflavone","486-66-8","Estrogen",NA,"N","T3D3964","Y"
"Yeast Extract","8013-01-2",NA,NA,"Y",NA,"N"
"D-Biotin ,USP","119616-38-5",NA,NA,"N",NA,"N"
"Ferric Chloride, Hexahydrate","7705-08-0",NA,NA,"Y",NA,"N"
"Magnesium Sulfate","7487-88-9","Hormone",NA,"N","T3D2851","Y"
"Zinc Sulfate Heptahydrate","7446-19-7",NA,NA,"N",NA,"N"
"Sodium Molybdate","7631-95-0",NA,NA,"N",NA,"N"
"POTASSIUM SULFATE","7778-80-5",NA,NA,"Y",NA,"N"
"Cupric Sulfate 5 H2O, ACS","7758-99-8",NA,NA,"N",NA,"N"
"Mannan Endo-1,4-B-Mannosidase","37288-54-3",NA,NA,"N",NA,"N"
"Cyclohexene","5989-27-5",NA,NA,"Y",NA,"N"
"Ammonium Bisulfite","10192-30-0",NA,NA,"N",NA,"N"
"Resin","9063-87-0",NA,NA,"N",NA,"N"
"Quinoline","91-22-5",NA,NA,"Y","T3D0634","Y"
"Water, other","Water Mixture",NA,NA,"N",NA,"N"
"Polyol","8043-29-6",NA,NA,"N",NA,"N"
"Anionic HydroPolyacrylamide","9003-05-8",NA,NA,"Y",NA,"N"
"Esterified phenolic polymer","129828-31-5",NA,NA,"N",NA,"N"
"ester, sodium salt","126-92-1","Estrogen",NA,"Y","T3D4885","Y"
"Isoquinoline","19-65-3",NA,NA,"N",NA,"N"
"Paraffin/Olefin Blend","64742-96-7",NA,NA,"N",NA,"N"
"Ethoxylated Alcohol","64425-86-1",NA,NA,"N",NA,"N"
"2-Methyl Quinoline","91-63-4",NA,NA,"N",NA,"N"
"5-Chloro-2-methyl-2H-isothiazol-3-one","55965-84-9",NA,NA,"N",NA,"N"
"C8-C10 Alcohol","85566-12-7",NA,NA,"N",NA,"N"
"Triethanolamine","102-71-6",NA,NA,"Y","T3D4835","Y"
"Cocamide Diethanolamine Salt","68603-42-9",NA,NA,"Y",NA,"N"
"2,7-Naphthalenedisulfonic acid, 5-(acetylamino) -4-hydroxy-3-[(2-methoxyphenyl) azo] -, disodium salt","6625-46-3",NA,NA,"N",NA,"N"
"Food red 10","3734-67-6",NA,NA,"N",NA,"N"
"Polypropylene glycol","25322-69-4","Estrogen",NA,"Y","T3D4917","Y"
"Butyl alcohol","71-36-3",NA,NA,"Y",NA,"N"
"Silica, amorphous precipitated","67762-90-7",NA,NA,"N",NA,"N"
"1,2-Benzisothiazolin-3-one","2634-33-5","Hormone",NA,"N","T3D4861","Y"
"2,7-Naphthalenedisulfonic acid, 3-hydroxy-4-[(4-sulfor-1-naphthalenyl) azo] -, trisodium salt","915-67-3",NA,NA,"Y",NA,"N"
"Vinyl Acetate Ethalene Copolymer","24937-78-8",NA,NA,"N",NA,"N"
"C.I. Pigment Red 5","6410-41-9",NA,NA,"N",NA,"N"
"Diethylene Monobutyl Ether","112-34-5",NA,NA,"N",NA,"N"
"Sodium Bromide","7647-15-6",NA,NA,"N","T3D1754","Y"
"poly(tetrafluoroethylene)","9002-84-0",NA,NA,"N",NA,"N"
"Potassium oleate","143-18-0",NA,NA,"Y",NA,"N"
"Trisodium ortho phosphate","7601-54-9",NA,NA,"Y",NA,"N"
"Ethanol, 2,2',2''-nitrilotris-, 1,1',1''-tris(dihydrogen phosphate), sodium salt","68171-29-9",NA,NA,"N",NA,"N"
"Ammonium, diallyldimethyl-, chloride, polymers","26062-79-3",NA,NA,"N",NA,"N"
"Benzyllauryldimethylammonium chloride","139-07-1",NA,NA,"N",NA,"N"
"Benzyldimethylammonium chloride","122-18-9",NA,NA,"N",NA,"N"
"Potassium borate","1332-77-0",NA,NA,"Y",NA,"N"
"Phosphonic Acid Salt","68649-44-5",NA,NA,"N",NA,"N"
"Ammonium Alcohol Ether Sulfate","68187-17-7",NA,NA,"N",NA,"N"
"2-Butoxy-1-Propanol","15821-83-7",NA,NA,"N",NA,"N"
"2-HYDROXY-1,2,3-PROPANETRICARBOXYLIC ACID","77-92-2",NA,NA,"N",NA,"N"
"Phenol","9014-93-1",NA,NA,"N",NA,"N"
"Rutile (TiO2)","13463-37-7",NA,NA,"N",NA,"N"
"BORIC ACID, SODIUM SALT","1333-73-9",NA,NA,"N",NA,"N"
"Diethylenetriamine Alkylbenzene Sulfate","40139-72-8",NA,NA,"N",NA,"N"
"Alcohols, c11-15-secondary, ethoxylated","68131-40-8",NA,NA,"N",NA,"N"
"Benzene 1-1-oxybis-, tetrapropylene ","119345-03-8",NA,NA,"N",NA,"N"
"AMMONIUM LAURYL ETHER SULPHATE","32612-48-9",NA,NA,"N","T3D3619","N"
"FUMARIC ACID","110-17-8","Estrogen",NA,"Y","T3D4237","Y"
"Mineral Oil","64742-53-6",NA,NA,"N",NA,"N"
"Propylene Pentamer ","15220-87-8",NA,NA,"N",NA,"N"
"C-11 to C-14 n-alkanes, mixed ","1120-21-4",NA,NA,"N",NA,"N"
"Sodium Metaborate Tetrahydrate","35585-58-1",NA,NA,"N",NA,"N"
"Epoxy Resin","25085-99-8",NA,NA,"N",NA,"N"
"Sulfamic Acid,N-Bromo,Sodium Salt","1004542-84-0",NA,NA,"N",NA,"N"
"2 Phosphobutane 1,2,4 tricarboxylic acid","37971-36-1",NA,NA,"N",NA,"N"
"Oleamide DEA","93-83-4",NA,NA,"N",NA,"N"
"Direct red 81","2610-11-9",NA,NA,"N",NA,"N"
"Magnesium Carbonate","546-93-0",NA,NA,"N",NA,"N"
"Polyepichlorohydrin, trimethyl amine quaternized","51838-31-4",NA,NA,"N",NA,"N"
"Trimethylamine, N-oxide","1184-78-7","Hormone",NA,"Y","T3D4164","Y"
"Phenol","108-95-2",NA,184,"Y","T3D0182","Y"
"Hydrated Aluminum Silicate","1332-58-7",NA,NA,"N",NA,"N"
"Hydroxylamine hydrochloride","5470-11-1",NA,NA,"N",NA,"N"
"Formaldehyde polymer with 4,1,1-dimethylethyl phenolmethyl oxirane","29316-47-0",NA,NA,"N",NA,"N"
"No ingredients as hazardous according to OSHA 29 CFR 1910.1200","Unknown",NA,NA,"N",NA,"N"
"Cetylethylmorpholinium ethyl sulfate","78-21-7",NA,NA,"N",NA,"N"
"Polyethylene glycol sorbitan monolaurate","9005-64-5",NA,NA,"Y",NA,"N"
"Formaldehyde Amine Resin","56652-26-7",NA,NA,"N",NA,"N"
"Ammonium Alcohol Ether Sulfate","68891-29-2",NA,NA,"N",NA,"N"
"Magnesium Nitrate","10377-60-3",NA,NA,"N","T3D3567","Y"
"Glyoxal","107-22-2",NA,NA,"N",NA,"N"
"5-Chloro-2-Methyl-4-Isothiazolin-3-One","26172-55-4",NA,NA,"N",NA,"N"
"2-Methyl-4-Isothiazolin-3-One","2682-20-4",NA,NA,"N",NA,"N"
"bishexamethylenetriamine penta methylene phosphonic acid salt","35657-77-3",NA,NA,"N",NA,"N"
"Polyphosphoric acids, esters with triethanolamine","68131-71-5",NA,NA,"N",NA,"N"
"Alcohols, C8-10, ethoxylated","71060-57-6",NA,NA,"N",NA,"N"
"Oxirane, 2-methyl-, polymer with oxirane, monodecyl ether","37251-67-5",NA,NA,"N",NA,"N"
"Hexylene glycol","107-41-5",NA,NA,"N",NA,"N"
"Dodecylbenxene Sulfonic Acid, Salt","42615-29-2",NA,NA,"N",NA,"N"
"Zirconium Sodium Hydroxy Lactate Complex","113184-20-6",NA,NA,"N",NA,"N"
"Ammonium Lactate","515-98-0",NA,NA,"N",NA,"N"
"Magnesium Carbonate","7757-69-9",NA,NA,"N",NA,"N"
"n-Propyl Zirconate","23519-77-9",NA,NA,"N",NA,"N"
"Acetyl Triethyl Citrate","77-89-4",NA,NA,"N",NA,"N"
"Sodium Lactate","867-56-1",NA,NA,"N",NA,"N"
"Carboxymethyl Guar Gum, Sodium Salt","39346-76-4",NA,NA,"N",NA,"N"
"Tallow alkyldimethylammonium chloride/bentonite complex","71011-25-1",NA,NA,"N",NA,"N"
"modified amidoamine","68990-47-6",NA,NA,"N",NA,"N"
"Walnut hulls","Mixture",NA,NA,"N",NA,"N"
"Acrylamide copolymer","108388-79-0",NA,NA,"N",NA,"N"
"Modified acrylamide copolymer","153568-80-0",NA,NA,"N",NA,"N"
"Modified acrylate polymer","54076-97-0",NA,NA,"N",NA,"N"
"Ethylenediamine","107-15-3",NA,NA,"Y",NA,"N"
"2-Naphthalenesulfonic acid, 6-hydroxy-5-[(4-sulfophenyl)azo]-, disodium salt","2783-94-0",NA,NA,"Y","T3D4862","Y"
"1H-Pyrazole-3-carboxylic acid, 4,5-dihydro-5-oxo-1-(4-sulfophenyl)-4-[(4-sulfophenyl)azo]-, trisodium salt","1934-21-0",NA,NA,"Y","T3D4858","Y"
"FD&C Blue 1","3844-45-9",NA,NA,"Y","T3D4864","Y"
"NONYL PHENYL POLYETHYLENE GLYCOL ETHER","9016-45-9",NA,NA,"N",NA,"N"
"Sodium Sulfide","1313-82-2",NA,NA,"Y",NA,"N"
"Quaternary Amine Compounds","61789-68-2",NA,NA,"N",NA,"N"
"Bis (hydroethyl) cocamine","68439-72-5",NA,NA,"N",NA,"N"
"Polyester","113669-97-9",NA,NA,"N",NA,"N"
"Sulfuric Acid Salt","10039-54-0",NA,NA,"N",NA,"N"
"Alkyl Sulfate","2207-98-9",NA,NA,"N",NA,"N"
"Nonionic Surfactant","61791-29-5",NA,NA,"N",NA,"N"
"Olefin Sulfonate","30965-85-6",NA,NA,"N",NA,"N"
"Terpene Hydrocarbon","68956-56-9",NA,NA,"N",NA,"N"
"Ester Solvent","97-64-3",NA,NA,"Y",NA,"N"
"Adipic acid","124-04-9",NA,NA,"Y",NA,"N"
"Cocoamidopropyl betaine","70851-07-9",NA,NA,"N",NA,"N"
"Distillates (petroleum, Catalystic Refomer trictionator, low boiling","68477-31-6",NA,NA,"N",NA,"N"
"Amines, polyethylenepoly-, ethoxylated, phosphonomethylated","68966-36-9",NA,NA,"N",NA,"N"
"Amine- (C10-C16- Alcyldimethyl) Oxides","70592-80-2",NA,NA,"N",NA,"N"
"Acetone","67-64-1",NA,189,"Y","T3D0184","Y"
"Sodium TetraBorate  pentahydrate","12179-04-3",NA,NA,"N",NA,"N"
"Coco alkyldimethylamines","61788-93-0",NA,NA,"N",NA,"N"
"Tall oil, ethoxylated","65071-95-6",NA,NA,"N",NA,"N"
"Trisodium ethylenediaminetriacetate","19019-43-3",NA,NA,"N",NA,"N"
"Polyphosphoric acids, esters with triethanolamine","68131-71-4",NA,NA,"N",NA,"N"
"Ethox CO-30","61791-12-6",NA,NA,"N",NA,"N"
"Disodium Ethylenediaminediacetate","38011-25-5",NA,NA,"N",NA,"N"
"Sodium formate","141-53-7",NA,NA,"Y",NA,"N"
"Sodium Nitrate","7631-99-4",NA,NA,"Y","T3D3574","Y"
"Sodium sulfite","7757-83-7",NA,NA,"Y",NA,"N"
"Benzenemethanaminium","56-93-9",NA,NA,"N",NA,"N"
"Zirconium Basic Sulphate","62010-10-0",NA,NA,"N",NA,"N"
"Urea","57-13-6",NA,NA,"Y",NA,"N"
"Decamethyl cyclopentasiloxane ","541-02-6",NA,NA,"N",NA,"N"
"Polymer of 2-acrylamido-2-methylpropanesulfonic acid sodium salt and methyl acrylate","136793-29-8",NA,NA,"N",NA,"N"
"Dodecamethylcyclohexasiloxane","540-97-6",NA,NA,"N",NA,"N"
"Octamethylcyclotetrasiloxane","556-67-2",NA,NA,"N",NA,"N"
"Castor Oil","8001-79-4",NA,NA,"Y",NA,"N"
"NFIDB:MC MX 2-2738","NFIDB:MC MX 2-2738",NA,NA,"N",NA,"N"
"2-Methylpiperidin-4-ol","344329-35-7",NA,NA,"N",NA,"N"
"1-(Nitromethyl)cyclobutanol","344329-87-9",NA,NA,"N",NA,"N"
"5-Bromo-2-nitrobenzotrifluoride","344-38-7",NA,NA,"N",NA,"N"
"Fatty acid amine salt mixture","68139-75-3",NA,NA,"N",NA,"N"
"Cobalt acetate","71-48-7","Hormone",NA,"N","T3D0653","Y"
"Benzenesulfonic Acid with Triethanolamine","68584-25-8",NA,NA,"N",NA,"N"
"Tall Oil","8002-26-4",NA,NA,"N",NA,"N"
"Primary C14-15 Alcohol Sulfate","68081-98-1",NA,NA,"N",NA,"N"
"Di (Ethylene Glycol) Ethyl Ether Acetate","112-15-2",NA,NA,"N",NA,"N"
"Hydrofluoric acid","7664-39-3",NA,NA,"N","T3D0247","Y"
"CHOLINE BICARBONATE","78-73-9",NA,NA,"N",NA,"N"
"Phophate Esters of Alcohol Ethoxylate","68585-36-4",NA,NA,"N",NA,"N"
"Hydrotreated heavy naphthenic distillate","64742-52-5",NA,NA,"N",NA,"N"
"Quanternary Ammonium cpds,benzylcoco alkyldimethl, chlorides","61789-71-7",NA,NA,"N",NA,"N"
"1,3-propanediol, 2-amino-2(hm)-polymer","68133-47-1",NA,NA,"N",NA,"N"
"N,N- Dimethyl-1,3-Propanediamine","109-55-7",NA,NA,"N",NA,"N"
"Cocamidopropyl Dimethylamine","68140-01-2",NA,NA,"N",NA,"N"
"Ethanol/2.2/-IMINOBIS-/N-TALLOW ALKYL DERIVS","61791-44-4",NA,NA,"N",NA,"N"
"AMINES/TALLOW ALKYL","61790-33-8",NA,NA,"N",NA,"N"
"Sodium 2-[2-[2-(tridecyloxy)ethoxy]ethoxy]ethyl sulphate","25446-78-0",NA,NA,"N",NA,"N"
"Iron","7439-89-6",NA,NA,"Y","T3D4697","N"
"Aniline","62-53-3",NA,NA,"N","T3D4984","Y"
"Sorbitan stearate","1338-41-6",NA,NA,"Y",NA,"N"
"2-Propenoic acid, 2-ethylhexyl ester, polymer with 2-hydroxyethyl 2-propenoate","36089-45-9",NA,NA,"N",NA,"N"
"Sodium nitrite","7632-00-0",NA,NA,"Y","T3D3551","Y"
"Siloxanes and Silicones, di-Me, 3-hydroxypropyl Me, ethoxylated propoxylated","68937-55-3",NA,NA,"N",NA,"N"
"Fatty acids, C18-unsatd., dimers, ethoxylated propoxylated","68308-89-4",NA,NA,"N",NA,"N"
"L-Glutamic acid","56-86-0","Hormone",NA,"Y","T3D4296","Y"
"Guar gum, carboxymethyl ether","51198-15-3",NA,NA,"N",NA,"N"
"Calcium magnesium sodium phosphate frit ","65997-18-4",NA,NA,"N",NA,"N"
"Poly(oxy-1-2ethanedyil) alpha - isodecyl - omega - hydroxy","61827-42-7",NA,NA,"N",NA,"N"
"Ethoxylated Alcohols ","66455-15-0",NA,NA,"N",NA,"N"
"Cuprous chloride","7758-89-6",NA,NA,"N","T3D1201","Y"
"Morpholine process residue","68909-77-3",NA,NA,"N",NA,"N"
"Crosslinked PO/EO-block polymer","68123-18-2",NA,NA,"N",NA,"N"
"Oleic acid","112-80-1","Hormone",NA,"Y","T3D4802","Y"
"Dioctyl sulfosuccinate sodium salt","577-11-7",NA,NA,"Y",NA,"N"
"Polybutene (Isobutylene/Butene copolymer)","9003-29-6",NA,NA,"N",NA,"N"
"Polyfunctional Aziridine","57116-45-7",NA,NA,"N",NA,"N"
"Acrylic Acid, with (Sodium-2-acrylamido-2-methyl-1-propanesulfonate and sodium phosphinate)","110224-99-2",NA,NA,"N",NA,"N"
"Azoniaadamantae Chloride","4080-31-3",NA,NA,"N","T3D3628","N"
"Triethanolamine hydroxyacetate","68299-02-5",NA,NA,"N",NA,"N"
"Sodium polyphosphonate","68915-31-1",NA,NA,"N",NA,"N"
"Borate salts","92908-33-3",NA,NA,"N",NA,"N"
"Calcium Peroxide","1305-79-9",NA,NA,"Y",NA,"N"
"Calcium Hydroxide","1305-62-0",NA,NA,"Y",NA,"N"
"Calcium Derivative (Calcium Carbonate)","1317-65-3",NA,NA,"N",NA,"N"
"Tridymite","15468-32-3",NA,NA,"N",NA,"N"
"Ozone","10028-15-6",NA,NA,"Y","T3D4725","Y"
"Diatomaceous Earth, Natural (kieselguhr)","61790-53-2",NA,NA,"Y",NA,"N"
"Amines, Dicoco Alkyl","61789-76-2",NA,NA,"N",NA,"N"
"Dichloroethyl ether (DCEE)","111-44-4","Estrogen",86,"N","T3D0088","Y"
"AMINES, COCO ALKYL","61788-46-3",NA,NA,"N",NA,"N"
"Inorganic mineral","63800-37-3",NA,NA,"N",NA,"N"
"2-Propenoic acid, polymer with sodium phosphinate","129898-01-7",NA,NA,"N",NA,"N"
"Surfactant Mixture","56449-46-8",NA,NA,"N",NA,"N"
"Surfactant Mixture","67254-71-1",NA,NA,"N",NA,"N"
"Quaternary Amine","75-50-3","Hormone",NA,"Y","T3D4163","Y"
"Quaternary Amine","68424-95-3",NA,NA,"N",NA,"N"
"Amine Salts","593-81-7",NA,NA,"N",NA,"N"
"Starch","9005-25-8",NA,NA,"Y",NA,"N"
"COCAMIDOPROPYL BETAINE","61789-40-0",NA,NA,"N",NA,"N"
"Alkyldimethyl(ethylbenzyl) ammonium chloride (C12-18)","68956-79-6",NA,NA,"N",NA,"N"
"Dimenthyl Ammonium Chloride","68391-01-5",NA,NA,"N",NA,"N"
"Ammonia","7664-41-7","Hormone",160,"N","T3D0157","Y"
"Dodecylbenzene Sulfonic Acid Salts","68648-81-7",NA,NA,"N",NA,"N"
"2-propenoic acid, sodium salt, polymer ","37350-42-8",NA,NA,"N",NA,"N"
"N-Alkylpropylenediamine","68155-37-3",NA,NA,"N",NA,"N"
"(hexyloxy)-, ammonium salt","63428-86-4",NA,NA,"N",NA,"N"
"Pine Oil","8002-09-3",NA,NA,"N",NA,"N"
"synthetic isoalkane fluid, hydroisomerized","445411-73-4",NA,NA,"N",NA,"N"
"Various chlorides","16887-00-6",NA,NA,"N",NA,"N"
"Ammonium Salt","7783-18-8",NA,NA,"N",NA,"N"
"diquaternary amminium salt","6607-28-3",NA,NA,"N",NA,"N"
"Ammonium  phosphate","10124-31-9",NA,NA,"N",NA,"N"
"Formamide","75-12-7",NA,NA,"N",NA,"N"
"CAPRYLAMIDOPROPYL BETAINE","73772-46-0",NA,NA,"N",NA,"N"
"Gelatin","9000-70-8",NA,NA,"Y",NA,"N"
"Methyl salicylate","119-36-8",NA,NA,"Y","T3D4848","Y"
"Amines, polyethylenepoly-, ethoxylated, phosphonomethylated, compounds with alkylpyridine derivative","68920-95-6",NA,NA,"N",NA,"N"
"Ethoxylated oleylamine","26635-93-8",NA,NA,"N",NA,"N"
"Ferrous Sulfate, Heptahydrate","7782-63-0",NA,NA,"Y",NA,"N"
"Pyridine, alkyl derivatives, hydrochlorides","68607-19-2",NA,NA,"N",NA,"N"
"N-Methyl Pyrrolidone","872-50-4","Estrogen",NA,"N","T3D4946","Y"
"Maghemite","1309-38-2",NA,NA,"N",NA,"N"
"Hematite","1317-60-8",NA,NA,"N",NA,"N"
"2-Methoxy-1-propanol","1589-47-5",NA,NA,"N",NA,"N"
"1-Methoxy-2-propanol","107-98-2","Testosterone",NA,"N","T3D4840","Y"
"1,3-imethylbutylamine","108-09-8",NA,NA,"N",NA,"N"
"Petroleum, Oxidized","64743-01-7",NA,NA,"N",NA,"N"
"POTASSIUM PERSULFATE","7727-21-1",NA,NA,"Y",NA,"N"
"xylene","108-88-3",NA,74,"N","T3D0071","Y"
"Amines, dicoco alkylmethyl","61788-62-3",NA,NA,"N",NA,"N"
"N-dodecyl-2-pyrrolidone","2687-96-6",NA,NA,"N",NA,"N"
"Ammonium Fluoride","12125-01-8",NA,NA,"N",NA,"N"
"Ammonium Bifluoride","1341-49-7",NA,NA,"N",NA,"N"
"Ethanaminium,n,n,n-trimethyl-methyl-oxo, chloride, polymer with propenamide","35429-19-7",NA,NA,"N",NA,"N"
"Caprylamidopropyl Betaine","7372-46-0",NA,NA,"N",NA,"N"
"Butanedioic Acid,Sulfo-,1,4-Bis(1,3-Dimethylbut)","2373-38-8",NA,NA,"N",NA,"N"
"Aliphatic Hydrocarbon","2545-04001-5164",NA,NA,"N",NA,"N"
"Isooctyl alchol bottoms","68526-88-5",NA,NA,"N",NA,"N"
"Zinc Chloride","7646-85-7",NA,NA,"Y","T3D0726","Y"
"RX Prod of EO - PO & EPON","68036-95-3",NA,NA,"N",NA,"N"
"Paraffin","8002-74-2",NA,NA,"Y",NA,"N"
"corn starch","9005-84-9",NA,NA,"N",NA,"N"
"Alkylaryl Sulfonate","26264-05-1",NA,NA,"N",NA,"N"
"Polyethylene Polyammonium Salt","68603-67-8",NA,NA,"N",NA,"N"
"Linear/branched c11 alcohol ethoxylate (8 eo)","127036-24-2",NA,NA,"N",NA,"N"
"Undecanol, branched and linear (impurity)","128973-77-3",NA,NA,"N",NA,"N"
"Oranges Terpenes","8028-48-6",NA,NA,"N",NA,"N"
"Iminodiacetate disodium salt","17593-73-6",NA,NA,"N",NA,"N"
"Oxyalkylated Alkylphenol Resin","30704-64-4",NA,NA,"N",NA,"N"
"Methyl chloride - TS","74-87-3",NA,192,"N",NA,"N"
"Polyphosphoric acid - TS","8017-16-1",NA,NA,"N",NA,"N"
"2-hydroxy-N,N-bis(2-hydroxyethyl)-N-methylethanaminium chloride - TS","7006-59-9",NA,NA,"N",NA,"N"
"Fatty Acids, tall oil reaction products with acetophenone, formaldehyde and thiourea, hydrochlorides - TS","68188-40-9",NA,NA,"N",NA,"N"
"Triethanolamine hydrochloride - TS","637-39-8",NA,NA,"N",NA,"N"
"Ethoxylated Alcohol","NP-R2429-2",NA,NA,"N",NA,"N"
"SILOXANES AND SILICONES, DI-ME, POLYMERS WITH ME SILSESQUIOXANES","68037-74-1",NA,NA,"N",NA,"N"
"ETHER COMPOUND","30499-70-8",NA,NA,"N",NA,"N"
"ADIPIC ACID, DIMETHYL ESTER","627-93-0",NA,NA,"Y","T3D4869","Y"
"EPOXY RESIN","28906-96-9",NA,NA,"N",NA,"N"
"N-BETA-(AMINOETHYL)-GAMMA-AMINOPROPYL TRIMETHOXYSILANE","1760-24-3",NA,NA,"N",NA,"N"
"PHOSPHATE ESTER","68458-49-1",NA,NA,"N",NA,"N"
"4,4'-DIAMONIDIPHEYL SULFONE","80-08-0","Hormone",NA,"N","T3D2482","Y"
"SUCCINIC ACID, DIMETHYL ESTER","106-65-0",NA,NA,"Y",NA,"N"
"QUATERNARY AMINE","177149-89-2",NA,NA,"N",NA,"N"
"DIMETHYL GLUTARATE","1119-40-0",NA,NA,"N",NA,"N"
"Aminopropylsilanol","58160-99-9",NA,NA,"N",NA,"N"
"Aminopropylsilsesquioxanes","68400-07-7",NA,NA,"N",NA,"N"
"N,N,N-trimethyl-2[1-oxo-2-propenyl]oxy Ethanaminium chloride","44992-01-0",NA,NA,"N",NA,"N"
"Tryptone","73049-73-7",NA,NA,"Y",NA,"N"
"Soy","8002-43-5",NA,NA,"Y",NA,"N"
"Lactose","5989-81-1",NA,NA,"N",NA,"N"
"Alcohols C9-C22","AR PROP 7",NA,NA,"N",NA,"N"
"Polyglycol Ethers","52624-57-4",NA,NA,"N",NA,"N"
"Organic salt","26264-06-2",NA,NA,"N",NA,"N"
"BORATE","12280-03-4",NA,NA,"N",NA,"N"
"C12-C14 Isoalkanes","68551-19-9",NA,NA,"N",NA,"N"
"C13-C16 Isoalkanes","68551-20-2",NA,NA,"N",NA,"N"
"Dipotassium Phosphite - TS","13492-26-7",NA,NA,"N",NA,"N"
"Disodium octaborate tetrahydrate","12008-41-2",NA,NA,"N",NA,"N"
"Solvent Naptha","9000-11-7",NA,NA,"Y",NA,"N"
"Bishexamethylenetriamine, pentamethylenepentaphosphonic acid","34690-00-1",NA,NA,"N",NA,"N"
"Polyphosphoric acids, esters with triethanolamine","6831-71-5",NA,NA,"N",NA,"N"
"Erythorbic Acid","89-65-6",NA,NA,"Y",NA,"N"
"Kerosene","64771-72-8",NA,NA,"N",NA,"N"
"Olefins","1120-36-1",NA,NA,"N",NA,"N"
"Olefins","3452-07-1",NA,NA,"N",NA,"N"
"Isoquinoline","119-65-3",NA,NA,"Y",NA,"N"
"Peroxydisulfuric Acid Disodium Salt","7775-25-1",NA,NA,"N",NA,"N"
"Oxirane, methyl-, polymer with oxirane, mono(2-ethylhexyl) ether","64366-70-7",NA,NA,"N",NA,"N"
"Acrylic acid","79-10-7",NA,NA,"N",NA,"N"
"Diethylene glycol acrylate","13533-05-6",NA,NA,"N",NA,"N"
"Hydroquinone monmethyl ether","150-76-5",NA,NA,"N",NA,"N"
"Thiourea","62-56-6","Estrogen",NA,"Y","T3D4891","Y"
"Naptha (Petroleum), Hydrotreated Heavy","6474-88-7",NA,NA,"N",NA,"N"
"Petroleum Naphtha","64742-88-7",NA,NA,"N",NA,"N"
"Phosphate ester of polyoxylated fatty alcohol","68649-29-6",NA,NA,"N",NA,"N"
"Ampicillin","69-53-4",NA,NA,"N",NA,"N"
"Lactose","9004-34-6",NA,NA,"N",NA,"N"
"Copper Sulfate","7758-98-7",NA,NA,"Y","T3D1215","Y"
"Triazine/Triethanol","4719-04-4",NA,NA,"N",NA,"N"
"Alkyl dimethyl ethyl benzyl ammonium chloride (68%C12, 32%C14)","85409-23-0",NA,NA,"N",NA,"N"
"Sodium Chlorate","2146-05-3",NA,NA,"N",NA,"N"
"Acid Blue 1 Mixture","129-17-9",NA,NA,"N",NA,"N"
"Aspartic acid, homopolymer, sodium salt","94525-01-6",NA,NA,"N",NA,"N"
"Ammonium Cumene Sulfonat","37475-88-0",NA,NA,"N",NA,"N"
"Alcohols, C12-15 linear, ethoxylated","68131-39-5",NA,NA,"N",NA,"N"
"Amine treated smectite clay","68153-30-0",NA,NA,"N",NA,"N"
"Silica Substrate","50-28-2","Testosterone",NA,"N","T3D4668","Y"
"Dodeylbenzene Sulfonate","27176-67-6",NA,NA,"N",NA,"N"
"Ethoxylated Acetylenic Diols","9014-85-1",NA,NA,"N",NA,"N"
"2-Phosphonobutane-1,2,4-tricarboxylic acid, potassium salt","93858-78-7",NA,NA,"N",NA,"N"
"4,6-Dimethyl-2-heptanone","19549-80-5",NA,NA,"N",NA,"N"
"Diisobutyl Ketone","108-83-8","Estrogen",NA,"Y","T3D4884","Y"
"Sodium Lactate","72-17-3",NA,NA,"Y",NA,"N"
"Quaternary Ammonium Chloride","68187-63-3",NA,NA,"N",NA,"N"
"Hydrocarbons","8002-05-9",NA,NA,"N",NA,"N"
"Organic Phosphonate","70714-66-8",NA,NA,"N",NA,"N"
"Formaldehyde, polymer with 4-nonylphenol and phenol","40404-63-5",NA,NA,"N",NA,"N"
"Formaldehyde-4,4'-isopropylidene diphenol","25085-75-0",NA,NA,"N",NA,"N"
"Dodecylbenzene (impurity)","123-01-3",NA,NA,"N",NA,"N"
"Coco-amido-propylamine oxide","68155-09-9",NA,NA,"N",NA,"N"
"C-12 N-Alkanes","1120-40-3",NA,NA,"N",NA,"N"
"n-Butyryl tri-n-hexyl citrate","82469-79-2",NA,NA,"N",NA,"N"
"Ethoxylated Alcohol","NP-R2429_2",NA,NA,"N",NA,"N"
"1-Propanesulfonic acid, 2-methyl-2-[(1-oxo-2-propen-1-yl)amino]-, polymer with 2-propenamide, sodium salt","83446-68-8",NA,NA,"N",NA,"N"
"Glycerine","56-81-4",NA,NA,"N",NA,"N"
"Sodium sulfocyanate","540-72-7",NA,NA,"N",NA,"N"
"Tetrapropylammonium bromide","1941-30-6",NA,NA,"N",NA,"N"
"1-Dodecane sulfonic acid, hydroxy-, sodium salt","128824-30-6",NA,NA,"N",NA,"N"
"1-Dodecene","112-41-4",NA,NA,"N",NA,"N"
"2-dibutylaminoethanol","102-81-8",NA,NA,"N",NA,"N"
"Methyl amyl alcohol","108-11-2",NA,NA,"N",NA,"N"
"Ferric Sulfate","10028-22-5",NA,NA,"Y",NA,"N"
"Diisopropylnaphthalene","38640-62-9",NA,NA,"N",NA,"N"
"Proprietary","106-22-9",NA,NA,"Y",NA,"N"
"Proprietary","106-25-2",NA,NA,"Y",NA,"N"
"Proprietary","106-24-1","Estrogen",NA,"Y","T3D4838","Y"
"C.I. basic violet 010","81-88-9",NA,NA,"N",NA,"N"
"Ethyl Acetate","141-78-6",NA,NA,"Y",NA,"N"
"Isopropylamine","75-31-0",NA,NA,"Y",NA,"N"
"Substituted carboxylic acid salt","24634-61-5",NA,NA,"Y",NA,"N"
"Carboxylic acid salt","532-32-1",NA,NA,"Y",NA,"N"
"Borax","71377-02-1",NA,NA,"N",NA,"N"
"Mineral oil/ light hydrotreated pet. distillate","64742-47-8	",NA,NA,"N",NA,"N"
"OXYALKYLATED ALKYPHENOL","9016-46-9",NA,NA,"N",NA,"N"
"Tetrasodium 1-hydroxy-ethylidene-1, 1-diphosphonic acid","3794-83-0",NA,NA,"N",NA,"N"
"Nickel sulfate","7786-81-4","Estrogen",NA,"N","T3D0697","Y"
"Polyvinylpyrrolidone","9003-39-8",NA,NA,"Y",NA,"N"
"2,6,8-Trimethyl-4-nonanol","123-17-1",NA,NA,"N",NA,"N"
"Poly[imino(1-oxo-1, 6-hexanediyl)] (nylon-6)","25038-54-4",NA,NA,"N",NA,"N"
"Polyoxyethylene 2,6,8-trimethyl-4-nonyl ether","60828-78-6",NA,NA,"N",NA,"N"
"2-Propenoic acid, polymer with ethene, zinc salt","28208-80-2",NA,NA,"N",NA,"N"
"Food coating","68308-35-0",NA,NA,"N",NA,"N"
"Magnesium stearate","557-04-0",NA,NA,"Y",NA,"N"
"acetic acid, glacial","758-12-3",NA,NA,"N",NA,"N"
"Ethylenediaminetetraacetic acid","60-00-4",NA,NA,"N",NA,"N"
"Hypochlorus Acid","7790-92-3",NA,NA,"N",NA,"N"
"Nitriloacetic Acid","139-13-9","Estrogen",NA,"N","T3D4705","Y"
"Phosphonic Acid,[nitilotris(methylene)]tris-,pentasodium salt","2235-43-0",NA,NA,"N",NA,"N"
"Ethoxylated Alcohols Phosphate Ether","68130-47-2",NA,NA,"N",NA,"N"
"Stoddard solvent","8052-41-3",NA,NA,"N",NA,"N"
"Dodecylbenzenesulfonate isopropanolamine","42504-46-1",NA,NA,"N",NA,"N"
"Dodeylbenzene Sulfonate","25155-30-0",NA,NA,"Y",NA,"N"
"Propargyl Alcohol","
107-19-7
",NA,NA,"N",NA,"N"
"Normal Butane ","109-66-0",NA,NA,"N","T3D3428","N"
"Ferric Ammonium Citrate","1185-57-5",NA,NA,"Y",NA,"N"
"Iso Butane","75-28-5",NA,NA,"Y","T3D3427","Y"
"Propane","74-98-6",NA,NA,"Y",NA,"N"
"Ammonium Citrate","3012-65-5",NA,NA,"Y",NA,"N"
"Isopropanolamine","78-96-6",NA,NA,"Y",NA,"N"
"Distillates (petroleum), chemically neutralized middle","64742-30-9",NA,NA,"N",NA,"N"
"Propylene","115-07-1",NA,NA,"N",NA,"N"
"Trimethyloctadecylammonium Chloride","112-03-8",NA,NA,"N",NA,"N"
"Sodium Xylene Sulphonate","1300-72-7",NA,NA,"N",NA,"N"
"Ammonium Alcohol Ether Sulfate","6889-29-2",NA,NA,"N",NA,"N"
"Ethylenediaminetriaceticacid, trisodium salt","1909-43-3",NA,NA,"N",NA,"N"
"Silicon Dioxide (Crystalline)","60676-86-0",NA,NA,"N",NA,"N"
"Inorganic Phosphate","7632-05-5",NA,NA,"N",NA,"N"
"Sodium bisulfate - TS","7681-38-1",NA,NA,"N",NA,"N"
"Attapulgite - TS","8031-18-3",NA,NA,"Y",NA,"N"
"Acetic acid ethenyl ester, polymer with ethenol","25213-24-5",NA,NA,"N",NA,"N"
"Erucic amidopropyl dimethyl betaine","149879-98-1",NA,NA,"N",NA,"N"
"Polyvinyl acetate, partially hydrolyzed","304443-60-5",NA,NA,"N",NA,"N"
"Sodium chloroacetate","3926-62-3",NA,NA,"N",NA,"N"
"Benzenesulfonic acid, 4-ethenyl-, sodium salt, homopolymer","25704-18-1",NA,NA,"N",NA,"N"
"Aluminum Chlorohydrate Solution","7446-70-0","Estrogen",NA,"N","T3D1493","Y"
"Furfuryl Alcohol","98-00-0",NA,NA,"Y",NA,"N"
"Sodium Hypophosphite","7681-53-0",NA,NA,"Y",NA,"N"
"Antimony trichloride","10025-91-9","Testosterone",NA,"N","T3D0874","Y"
"Dodeylbenzene Sulfonate","27176-67-0",NA,NA,"N",NA,"N"
"Sorbic Acid","110-44-1",NA,NA,"Y","T3D4843","Y"
"Didecyl dimethyl ammonium chloride","7371-51-5",NA,NA,"N",NA,"N"
"Quaternary ammonium cpmpounds","8001-54-5","Testosterone",NA,"N","T3D4932","Y"
"Calcium Oxide","1305-78-8",NA,NA,"Y",NA,"N"
"Sodium Chlorate","7775-09-9",NA,NA,"N",NA,"N"
"Solid Unsaturated Polyester Resin","39382-21-3",NA,NA,"N",NA,"N"
"Surfactant NonIonic","92046-34-9",NA,NA,"N",NA,"N"
"Dodecyl poly(oxyethylene) ether","9002-92-0",NA,NA,"N",NA,"N"
"Dipropylene glycol","25265-71-8",NA,NA,"N",NA,"N"
"Oleamide DEA","61790-66-7",NA,NA,"N",NA,"N"
"Crotonaldehyde","123-73-9",NA,NA,"N",NA,"N"
"Aldol","107-89-1",NA,NA,"N",NA,"N"
"Alcohols, C11-14-iso-, C-13-rich, ethoxylated propoxylated","78330-23-1",NA,NA,"N",NA,"N"
"Silica, amorphous, fumed, crystalline - free","112945-52-5",NA,NA,"N",NA,"N"
"Dibromoacetonitrile
","3252-43-5
",NA,NA,"N",NA,"N"
"2,7-Naphthalenedisulfonic acid, 5-amino-4-hydroxy-3-(phenylazo)-, disodium salt","3567-66-6",NA,NA,"N",NA,"N"
"Epiamine polymer","25988-97-0",NA,NA,"Y",NA,"N"
"Zinc Oxide","1314-13-2",NA,NA,"Y","T3D0736","Y"
"Phthalic Anhydride","85-44-9",NA,NA,"N",NA,"N"
"Di (2ethylhexyl) phthalate","117-81-7","Estrogen",77,"N","T3D0076","Y"
"2-ethylhexanol residue","68609-68-7",NA,NA,"N",NA,"N"
"Calcium sulfate","7778-18-9",NA,NA,"Y",NA,"N"
"Dazomet","533-74-2",NA,NA,"N",NA,"N"
"Polyoxyethylene (2) oleyl ether","9004-98-2",NA,NA,"N",NA,"N"
"Sodium Carboxylate","18016-19-8",NA,NA,"N",NA,"N"
"Maleic Anhydride Terpolymer","113221-69-5",NA,NA,"N",NA,"N"
"Polyacrylate","111560-38-4",NA,NA,"N",NA,"N"
"DDBSA","6854-22-5",NA,NA,"N",NA,"N"
"Alcohol Ether Sulfate","98585-35-2",NA,NA,"N",NA,"N"
"Sodium Tripolyphosphate","7758-29-4",NA,NA,"Y",NA,"N"
"Benzene","71-43-2","Hormone",6,"Y","T3D0006","Y"
"Ethoxylated Alcohol","9000-30-5",NA,NA,"N",NA,"N"
"C11-14 Secondary, Ethoxylated Alcohol","84113-50-6",NA,NA,"N",NA,"N"
"Alcohol","68649-18-3",NA,NA,"N",NA,"N"
"Phosphoric acid tributyl ester","126-73-8",NA,NA,"N",NA,"N"
"Fluoroboric Acid","16872-11-0",NA,NA,"N",NA,"N"
"Hexane","64742-89-8",NA,NA,"N",NA,"N"
"PROPRIETARY SESQUIOLATE","8007-42-0",NA,NA,"N",NA,"N"
"Tridecyl alcohol polyethoxylate","68015-67-8",NA,NA,"N",NA,"N"
"Fatty acids, tall-oil, ethoxylated","61791-00-2",NA,NA,"N",NA,"N"
"Formaldehyde, polymer with phenol and 1,3,5,7-tetraazatricyclo[3.3.1.13,7]decane","37337-65-8",NA,NA,"N",NA,"N"
"Poly(oxy-1,2-ethanediyl), .alpha.-tetradecyl-.omega.-hydroxy-","27306-79-2",NA,NA,"N",NA,"N"
"Crystalline Silica","1488-60-7",NA,NA,"N",NA,"N"
"1,2,Dibrome-2,4-Dicyanobutane","35691-65-7",NA,NA,"N",NA,"N"
"Lactic Acid (88%)","79-33-4",NA,NA,"N","T3D4253","N"
"Gas Oils (petroleum), straight-run, high boiling","68915-97-9",NA,NA,"N",NA,"N"
"Triethylenetetramine","112-24-3",NA,NA,"N",NA,"N"
"Pentaethylenehexamine","4067-16-7",NA,NA,"N",NA,"N"
"Tetraethylenepentamine","112-57-2",NA,NA,"N",NA,"N"
"4,4'-Isopropylidenediphenol","80-05-7",NA,NA,"N",NA,"N"
"Alcohol","68526-86-3",NA,NA,"N",NA,"N"
"Proprietary","9063-06-3",NA,NA,"N",NA,"N"
"Proprietary","9004-99-3",NA,NA,"Y",NA,"N"
"Polyalkylene Esters","69278-63-3",NA,NA,"N",NA,"N"
"Proprietary","78-70-6",NA,NA,"Y",NA,"N"
"Ethylene homo polymer","9002-88-4",NA,NA,"Y",NA,"N"
"Fatty acid C-16 to C-18","85865-69-6",NA,NA,"N",NA,"N"
"Potassium Bicarbonate","298-14-6",NA,NA,"Y",NA,"N"
"Petroleum Hydrotreated Light Distillate","64742-02-8",NA,NA,"N",NA,"N"
"Quaternary Omonium Chloride","89-12-0",NA,NA,"N",NA,"N"
"Pyridine, alkyl derivs.","68391-11-7",NA,NA,"N",NA,"N"
"Propane -1-sulfonic Acid  pyridinium salt","15214-89-8",NA,NA,"N",NA,"N"
"Butane","106-97-8",NA,NA,"Y","T3D3426","N"
"Ethyl Mercaptan","75-08-1",NA,NA,"Y",NA,"N"
"Ethane","74-84-0",NA,NA,"N",NA,"N"
"Ethanolamine Thioglycolate","126-97-6",NA,NA,"N",NA,"N"
"Ethanol, 2-amino-, polymer with a tridecyl-w-hydroxypoly(oxy-1,2-ethanediyl) phosphate","68425-75-2",NA,NA,"N",NA,"N"
"Alkanolamine Phosphate","29868-05-1",NA,NA,"N",NA,"N"
"Amines, C12-16-alkyldimethyl","68439-70-3",NA,NA,"N",NA,"N"
"Complex Ester","68607-07-8",NA,NA,"N",NA,"N"
"Coca Alkyldimethylamines","61788-90-7",NA,NA,"N",NA,"N"
"sodium zirconium lactate","15529-67-6",NA,NA,"N",NA,"N"
"Bishexamethylenetriamine penta methylene phosphonic acid salt","35656-77-3",NA,NA,"N",NA,"N"
"Monoethanolamine Hydrochloride","2002-24-6",NA,NA,"N",NA,"N"
"Benzenesulfonic acid, hexadecyl(sulfophenoxy)-, disodium salt","65143-89-7",NA,NA,"N",NA,"N"
"Sodium lauriminodipropionate","14960-06-6",NA,NA,"N",NA,"N"
"Sodium octylimodlpropionate","94441-92-6",NA,NA,"N",NA,"N"
"Nonionic glycol ester","68400-71-5",NA,NA,"N",NA,"N"
"Phosphoric Acid","22042-96-2",NA,NA,"N",NA,"N"
"Sodium Formaldehyde Bisulfite ","870-72-4",NA,NA,"N",NA,"N"
"Acrylonitrile","107-13-1",NA,269,"N","T3D1688","Y"
"Nitromethane ","75-52-5",NA,NA,"N",NA,"N"
"2-Methyl-2-nitropropane-1,3-diol ","77-49-6",NA,NA,"N",NA,"N"
"Tris (hydroxymethyl) nitromethane ","126-11-4",NA,NA,"N",NA,"N"
"Polyethylenimin, polymer with ethylene oxide and propylene oxide","52501-07-2",NA,NA,"N",NA,"N"
"Propylene oxide","75-56-9",NA,NA,"Y",NA,"N"
"Didecyldimethlammonium Chloride","7173-54-5",NA,NA,"N",NA,"N"
"Isodecanol w/6-7 Moles Ethylene Oxide","26183-52-8",NA,NA,"N",NA,"N"
"iso-Pentane","78-78-4",NA,NA,"N","T3D3429","N"
"Bauxite (Al2O3.xH2O), calcined","92797-42-7",NA,NA,"N",NA,"N"
"Polysaccharide","9004-59-5",NA,NA,"Y",NA,"N"
"Tetraacetyl ethylene diamine - TS","10543-57-4",NA,NA,"N",NA,"N"
"Glycine - TS","56-40-6",NA,NA,"Y","T3D4318","Y"
"Sodium percarbonate - TS","15630-89-4",NA,NA,"N",NA,"N"
"sorbitol","9001-32-5",NA,NA,"N",NA,"N"
"Strontium chloride","10476-85-4",NA,NA,"N",NA,"N"
"Polysaccharide","904-59-5",NA,NA,"N",NA,"N"
"Alkoxylated Amines","68478-95-5",NA,NA,"N",NA,"N"
"Polyamines","68815-65-6",NA,NA,"N",NA,"N"
"Acrylamide-acrylic acid copolymer, sulfomethylated,","EPA Acct 108431",NA,NA,"N",NA,"N"
"Ethylenediaminetriaceticacid, trisodium salt","128850-89-5",NA,NA,"N",NA,"N"
"Sulfurized Tall oil fatty acid percent proprietary","68440-27-7",NA,NA,"N",NA,"N"
"ALKANES, C-10-18","73138-29-1",NA,NA,"N",NA,"N"
"Phosphonate Salt","27794-93-0",NA,NA,"N",NA,"N"
"Para-Nonylphenol","84852-15-3",NA,NA,"N",NA,"N"
"2-ethyl-2-((3-(2-methylaziridin-1-yl)propionyl)metyl)propane-1,3-diyl bis(2-methylaziridine-1-propionate)","64265-57-2",NA,NA,"N",NA,"N"
"alpha-Amylase","9000-90-2",NA,NA,"N",NA,"N"
"Acrylic polymer","52255-49-9",NA,NA,"N",NA,"N"
"hexamethylenediamine tetra (methylene phosphonic acid)","38820-59-6",NA,NA,"N",NA,"N"
"2,2-Dibromomalonamide","73003-80-2",NA,NA,"N",NA,"N"
"Ammonium citrate","7632-50-0",NA,NA,"N",NA,"N"
"Hydroxyacetic acid ammonium salt","35249-89-9",NA,NA,"N",NA,"N"
"METHYL SALICYLATE","19-36-8",NA,NA,"N",NA,"N"
"Hydrocarbon waxes (petroleum), hydrotreated microcryst","64742-60-5",NA,NA,"N",NA,"N"
"Anionic Copolymer of Acrylamide","25038-45-3",NA,NA,"N",NA,"N"
"Charcoal","7440-44-0",NA,NA,"N",NA,"N"
"Benzene, mono C10-13, alkyl derives","129813-58-7",NA,NA,"N",NA,"N"
"Iso-Alkanes/n-Alkanes","142-82-5",NA,NA,"N","T3D3431","N"
"Proplylene Carbonate","103-32-7",NA,NA,"N",NA,"N"
"Calcium bromide (CaBr2)","7789-41-5",NA,NA,"N","T3D1727","Y"
"Bentone","1340-69-8",NA,NA,"N",NA,"N"
"Sodium Acrylate","7446-81-3",NA,NA,"N",NA,"N"
"Linear C11 alcohol ethoxylate (7eo)","34398-01-1(7EO)",NA,NA,"N",NA,"N"
"Linear C11 alcohol ethoxylate (3eo)","34398-01-1(3EO)",NA,NA,"N",NA,"N"
"Amides, Tallow, N-[3-(Dimethylamino)Propyl], N-Oxides","68647-77-8",NA,NA,"N",NA,"N"
"Iridium Oxide","12030-49-8",NA,NA,"N",NA,"N"
"Alcohols, C9-11-iso-, C10-rich","68526-85-2",NA,NA,"N",NA,"N"
"Scandium Oxide","12060-08-1",NA,NA,"N",NA,"N"
"Hydrophobic silica","68611-44-9",NA,NA,"N",NA,"N"
"Quanternary Ammonium Compound","61791-10-4",NA,NA,"N",NA,"N"
"N,N'-Dibutylthiourea","109-46-6",NA,NA,"N",NA,"N"
"Styrene Acrylic Polymers","25987-66-0",NA,NA,"N",NA,"N"
"n-olefins","68910-46-3",NA,NA,"N",NA,"N"
"Diutan gum","125005-87-0",NA,NA,"N",NA,"N"
"Monosodium fumarate","7704-73-6",NA,NA,"Y",NA,"N"
"Iso-Alkanes/n-Alkanes","64742-82-1",NA,NA,"N",NA,"N"
"Benzenemethanaminium, N-(3-aminopropyl)-N,N-dimethyl-, N-soya acyl derivs., chlorides","90194-13-1",NA,NA,"N",NA,"N"
"Poly(oxy-1,2-ethanediyl), .alpha.-2,4,6-tris(1-phenylethyl)phenyl-.omega.-hydroxy-","70559-25-0",NA,NA,"N",NA,"N"
"Amines, polyethylenepoly-","68131-73-7",NA,NA,"N",NA,"N"
"Fresh Water","1732-18-5",NA,NA,"N",NA,"N"
"1-undecanol","112-42-5",NA,NA,"Y",NA,"N"
"Alcohol Ethoxylates Component","69227-21-0",NA,NA,"N",NA,"N"
"Polyacite resin","905-89-2",NA,NA,"N",NA,"N"
"Maghemite","12134-66-6",NA,NA,"N",NA,"N"
"EDTA, DIAMMONIUM COPPER SALT","14025-15-1",NA,NA,"N",NA,"N"
"Phosphonomethylated Amine","129828-36-0",NA,NA,"N",NA,"N"
"Polyaklylene","7756-94-7",NA,NA,"N",NA,"N"
"Alkoxylated Amines","61790-85-0",NA,NA,"N",NA,"N"
"Siloxane","67674-67-3",NA,NA,"N",NA,"N"
"Walnut hulls","84012-43-1",NA,NA,"N",NA,"N"
"Vinyl acetate ","108-05-4",NA,NA,"Y","T3D3470","Y"
"Complex Alkylamine","100545-50-4",NA,NA,"N",NA,"N"
"Phtalic Acid","88-99-3",NA,NA,"N",NA,"N"
"Alcohols, C10-16, ethoxylated propoxylated","69227-22-1",NA,NA,"N",NA,"N"
"Amines, unsatd. alkyl, ethoxylated","68155-39-5",NA,NA,"N",NA,"N"
"Alcohols, C6-12 ethoxylated propoxylated","68937-66-6",NA,NA,"N",NA,"N"
"Na2O","1313-59-3",NA,NA,"N",NA,"N"
"K2O","12136-45-7",NA,NA,"N",NA,"N"
"Sorbitan Monolaurate","1338-39-2",NA,NA,"N",NA,"N"
"12% glutamine","56-85-9",NA,NA,"Y","T3D4319","Y"
"Distillates(petroleum), sweetened middle","64741-86-2",NA,NA,"N",NA,"N"
"Starch","68525-86-0",NA,NA,"N",NA,"N"
"Silicone Polyether Copolymer","67762-38-3",NA,NA,"N",NA,"N"
"Oxyalkylated alkylphenolic resin","63428-91-1",NA,NA,"N",NA,"N"
"Acrylic Co-polymer","25133-97-5",NA,NA,"N",NA,"N"
"Calcite/Dolomite","16389-88-1",NA,NA,"N",NA,"N"
"Colemanite","12291-65-5",NA,NA,"N",NA,"N"
"Styrene-Ethylene/Propylene Block Copolymer","68648-89-5",NA,NA,"N",NA,"N"
"ORGANOPHILIC CLAY","71011-26-2",NA,NA,"N",NA,"N"
"Calcium nitrate","10124-37-5",NA,NA,"N","T3D3554","Y"
"Benzaldehyde","100-52-7",NA,NA,"Y",NA,"N"
"GLYCOL ETHER","1569-01-3",NA,NA,"N",NA,"N"
"ISOOCTYL ALCOHOL","68526-83-0",NA,NA,"N",NA,"N"
"Zirconium Oxychloride","13520-92-8",NA,NA,"N",NA,"N"
"Fatty acids, tall-oil, reaction product with diethylenetriamine","61790-69-0",NA,NA,"N",NA,"N"
"Sulfurized polyolefin","68037-13-8",NA,NA,"N",NA,"N"
"C8-C10 Alcohol","8566-12-7",NA,NA,"N",NA,"N"
"2-Chloro-4-Fluorobenzoic Acid","2252-51-9",NA,NA,"N",NA,"N"
"4-(Trifluoromethyl) Benzoic Acid","455-24-3",NA,NA,"N",NA,"N"
"4-Fluorobenzoic acid","456-22-4",NA,NA,"N",NA,"N"
"3-(Trifluoromethyl)benzoic acid","454-92-2",NA,NA,"N",NA,"N"
"3,5-Difluorobenzoic acid","455-40-3",NA,NA,"N",NA,"N"
"2,4,5-Trifluorobenzoic Acid","446-17-3",NA,NA,"N",NA,"N"
"2,4-Difluorobenzoic acid","1583-58-0",NA,NA,"N",NA,"N"
"2,6-Difluorobenzoic acid","385-00-2",NA,NA,"N",NA,"N"
"2-(Trifluoromethyl)benzoic acid","433-97-6",NA,NA,"N",NA,"N"
"2,3,4,5-Tetrafluorobenzoic acid","1201-31-6",NA,NA,"N",NA,"N"
"2,5-Difluorobenzoic acid","2991-28-8",NA,NA,"N",NA,"N"
"2,3,4-Trifluorobenzoic Acid","61079-72-9",NA,NA,"N",NA,"N"
"2-Fluorobenzoic acid","445-29-4",NA,NA,"N",NA,"N"
"4-Fluoro-3-(Trifluoromethyl) Benzoic Acid","67515-55-3",NA,NA,"N",NA,"N"
"4-Chloro-2-Fluorobenzoic Acid","446-30-0",NA,NA,"N",NA,"N"
"4-Fluoro-2-(Trifluoromethyl) Benzoic Acid","141179-72-8",NA,NA,"N",NA,"N"
"Quaternary Ammonium Compound","100765-57-9",NA,NA,"N",NA,"N"
"Diethylene Glycol Monomethyl Ether","111-77-3",NA,NA,"N",NA,"N"
"Phosphorous Acid","10294-56-1",NA,NA,"N",NA,"N"
"Hexane-1,6-diol","629-11-8",NA,NA,"N",NA,"N"
"MOPA--Methoxypropylamine","5332-73-0",NA,NA,"N",NA,"N"
"Potassium dichromate","7778-50-9",NA,NA,"N","T3D0706","Y"
"Ammonium Alkyl Ether Sulfate","78330-26-4",NA,NA,"N",NA,"N"
"Sulfuric acid, monodecyl ester, sodium salt (1:1)","142-87-0",NA,NA,"N",NA,"N"
"Methylene diphenyl diisocyanate","101-68-8",NA,NA,"N","T3D1664","Y"
"poly((phenyl isocyanate)-co-formaldehyde)","9016-87-9",NA,NA,"N",NA,"N"
"Sucrose, propoxylated (1 - 16.5 moles propoxylated)","9049-71-2",NA,NA,"N",NA,"N"
"3-aminopropyltriethoxysilane","919-30-2",NA,NA,"N",NA,"N"
"Poly(oxy-1,2-ethanediyl), a-tridecyl-w-hydroxy-, branched","69011-36-5",NA,NA,"N",NA,"N"
"Ethylenediaminetriacetic acid trisodium salt","139-89-9",NA,NA,"N",NA,"N"
"Humic acids, potassium salts","68514-28-3",NA,NA,"N",NA,"N"
"Humic acids, potassium salts, polymers with N,N-dimethyl-2-propenamide, maleic anhydride, sodium salts","1422006-64-1",NA,NA,"N",NA,"N"
"N,N-Dimethylacrylamide","2680-03-7",NA,NA,"N",NA,"N"
"Sodium 2-acrylamino-2-methylpropane sulfonate","5165-97-9",NA,NA,"N",NA,"N"
"Maleic anhydride","108-31-6",NA,NA,"N",NA,"N"
"Benzenesulfonic acid, C10-16-alkyl derivs., compds.  With 2-propanamine","68584-24-7",NA,NA,"N",NA,"N"
"Amine Derivative","68910-93-0",NA,NA,"N",NA,"N"
"Anionic water-soluble polymer in emulsion","NP-488355",NA,NA,"N",NA,"N"
"Polymer","26099-09-2",NA,NA,"Y",NA,"N"
"Acrylic acid, 2-hydroxyethyl ester","818-61-1",NA,NA,"N",NA,"N"
"2-hydroxytrimethylene,bis(trimethylammonium) dichloride","55636-09-4",NA,NA,"N",NA,"N"
"Barium sulfate","7727-43-7",NA,NA,"N","T3D1122","Y"
"NFIDB:ACTIVATOR-USA","NFIDB:ACTIVATOR-USA",NA,NA,"N",NA,"N"
"Glycine, N,N-bis(carboxymethyl)-, diiammonium salt","71264-32-9",NA,NA,"N",NA,"N"
"Glycine, N,N-bis(carboxymethyl)-, triammonium salt","32685-17-9",NA,NA,"N",NA,"N"
"Aloxy Ester","763-69-9",NA,NA,"N",NA,"N"
"Ethyl Acrylate","140-88-5",NA,NA,"Y","T3D3216","N"
"Hydroxypropyl Cellulose","9004-64-2",NA,NA,"Y",NA,"N"
"Coca Alkyldimethylamines","68424-94-2",NA,NA,"N",NA,"N"
"Ethoxylated Amine","61791-31-9",NA,NA,"N",NA,"N"
"Neutralized polycarboxylic acid","Non-Hazardous",NA,NA,"N",NA,"N"
"Sodium diglycolate","35249-69-5",NA,NA,"N",NA,"N"
"Sodium Carboxymethyl inulin","430439-54-6",NA,NA,"N",NA,"N"
"NFIDB:MC MX 2-2822","NFIDB:MC MX 2-2822",NA,NA,"N",NA,"N"
"Alcohols C16-18 ethoxylated","68439-49-6",NA,NA,"N",NA,"N"
"2-Ethylhexanol ethoxylate","26468-86-0",NA,NA,"N",NA,"N"
"Phosphoric Acid, mixed diesters with C6-C12 alcohols and polyethylene","1352632-71-3",NA,NA,"N",NA,"N"
"Ethoxylated Oleyl Amine","13127-82-7",NA,NA,"N",NA,"N"
"fatty amine carboxylate","71011-03-5",NA,NA,"N",NA,"N"
"Amines, tallow alkyl, acetates","61790-60-1",NA,NA,"N",NA,"N"
"Acrolein","107-02-8","Estrogen",31,"Y","T3D0037","Y"
"Alkylarylsulfonic acid","68411-32-5",NA,NA,"N",NA,"N"
"1,2-Ethanediamine, polymer with methyloxirane and oxirane ","26316-40-5",NA,NA,"N",NA,"N"
"Tall oil acids dimer diamine","68425-53-6",NA,NA,"N",NA,"N"
"Diethanolaminephosponc acid ester Ammonium Salt","73070-48-1",NA,NA,"N",NA,"N"
"Ethoxylated C6 alcoholS","104780-82-7",NA,NA,"N",NA,"N"
"Dichloromethane (methylene chloride)","75-09-2",NA,88,"Y",NA,"N"
"1,3-Dichloropropene","542-75-6",NA,NA,"N",NA,"N"
"Phosphinylidynetrimethanol","1067-12-5",NA,NA,"N",NA,"N"
"Polyoxyalkylene phosphate","856867-39-5",NA,NA,"N",NA,"N"
"Amine sulfonate","94292-05-4",NA,NA,"N",NA,"N"
"n-olefins","51867-05-1",NA,NA,"N",NA,"N"
"Alcohols, C8-10, ethoxylated propoxylated","68603-25-8",NA,NA,"N",NA,"N"
"aminobenzoic acid","150-13-0",NA,NA,"Y",NA,"N"
"Alkylbenzene sulfonate, compd. with triethanolamine","68411-31-4",NA,NA,"N",NA,"N"
"Alkylbenzene Sulfonate, compd. with 2-propanamine","90218-35-2",NA,NA,"N",NA,"N"
"Acrylic, Sulfonic Acid Copolymer","40623-75-4",NA,NA,"Y",NA,"N"
"Calcium chloride, dihydrate","10035-04-8",NA,NA,"Y",NA,"N"
"Mineral Oil (oxygenates and Paraffinic Stream)","876065-86-0",NA,NA,"N",NA,"N"
"Nickel(II) chloride","7718-54-9","Estrogen",NA,"N","T3D0687","Y"
"Nickel(II) chloride hexahydrate","7791-20-0",NA,NA,"N",NA,"N"
"Nickel","7440-02-0","Estrogen",57,"Y","T3D0053","Y"
"Fumed silica","69012-64-2",NA,NA,"N",NA,"N"
"NFIDB:FDP-S1047-12","NFIDB:FDP-S1047-12",NA,NA,"N",NA,"N"
"NFIDB:CS-805","NFIDB:CS-805",NA,NA,"N",NA,"N"
"2-Butenedioic acid (2Z)-, polymer with sodium 2-propene-1-sulfonate","68715-83-3",NA,NA,"N",NA,"N"
"Proprietary","8061-51-6",NA,NA,"Y",NA,"N"
"Tall Oil Fatty Acids, Reaction Products with 2","70955-34-9",NA,NA,"N",NA,"N"
"Hexadecane","544-76-3",NA,NA,"N",NA,"N"
"Mixed Butanes","68513-65-5",NA,NA,"N",NA,"N"
"Decane","124-18-5",NA,NA,"N","T3D4766","Y"
"Hexanes","110-54-3",NA,NA,"Y","T3D2403","Y"
"Third Party","Third Party",NA,NA,"N",NA,"N"
"Poly[oxyethylene(dimethyliminio)ethylene(dimethyliminio)ethylenedichloride]","31512-74-0",NA,NA,"N",NA,"N"
"Amines, N-tallow alkyldipropylene tri-, ethoxylated","189959-15-7",NA,NA,"N",NA,"N"
"NFIDB:FDP-M1075-12","NFIDB:FDP-M1075-12",NA,NA,"N",NA,"N"
"Octane(All isomers)","111-65-9",NA,NA,"N","T3D3440","Y"
"Hexane(other isomers)","96-14-0",NA,NA,"N","T3D2405","Y"
"Fuels, diesel, C9-C18-alkane branched and linear","1159170-26-9",NA,NA,"N",NA,"N"
"n-Nonane","111-84-2",NA,NA,"N",NA,"N"
"Phosphonic Acid, {(Dimethylamino) Methylene} Bis -","29712-30-9",NA,NA,"N",NA,"N"
"Sulfur Trioxide","7446-11-9",NA,NA,"N",NA,"N"
"FDP-S1046-12","NFIDB:FDP-S1046-12",NA,NA,"N",NA,"N"
"Mica","12001-26-2",NA,NA,"N",NA,"N"
"Phenol-Formaldehyde Novolak Resin","9003-35-5",NA,NA,"N",NA,"N"
"NFIDB:FDP-S1111-13","NFIDB:FDP-S1111-13",NA,NA,"N",NA,"N"
"NFIDB:Parasorb (TP)","NFIDB:Parasorb (TP)",NA,NA,"N",NA,"N"
"NFIDB:Parasorb","NFIDB:Parasorb",NA,NA,"N",NA,"N"
"NFIDB:Scaletrol","NFIDB:Scaletrol",NA,NA,"N",NA,"N"
"NFIDB:LTCA","NFIDB:LTCA",NA,NA,"N",NA,"N"
"NFIDB:Microsand","NFIDB:Microsand",NA,NA,"N",NA,"N"
"Hexamethylene diamine penta (methylene phosphonic acid) ","23605-74-5",NA,NA,"N",NA,"N"
"NFIDB:WLC-4","NFIDB:WLC-4",NA,NA,"N",NA,"N"
"Cured Phnolic Resin","35297-54-2",NA,NA,"N",NA,"N"
"Imides of alpha olefin maleic anhydride copolymer","875141-56-3",NA,NA,"N",NA,"N"
"NFIDB:OILPERM FM-1","NFIDB:OILPERM FMM-1",NA,NA,"N",NA,"N"
"Phosphonic acid, sodium salt","15475-67-9",NA,NA,"N",NA,"N"
"Phosphonic acid ammonium salt","1160525-87-0",NA,NA,"N",NA,"N"
"Ethoxylated Alcohol","9006-65-9",NA,NA,"N",NA,"N"
"NFIDB:LP-65 MC","NFIDB:LP-65 MC",NA,NA,"N",NA,"N"
"NFIDB:FDP-S1145-14","NFIDB:FDP-S1145-14",NA,NA,"N",NA,"N"
"NFIDB:Atlas Activato","NFIDB:Atlas Activato",NA,NA,"N",NA,"N"
"NFIDB:MC B-8626","NFIDB:MC B-8626",NA,NA,"N",NA,"N"
"NFIDB:D-AIR 3000","NFIDB:D-AIR 3000",NA,NA,"N",NA,"N"
"Hydroxyethylcellulose","9004-62-0",NA,NA,"N",NA,"N"
"Glycerides, C14-18 Mono- And Di-","67701-33-1",NA,NA,"N",NA,"N"
"NFIDB:OILPERM FMM-2","NFIDB:OILPERM FMM-2",NA,NA,"N",NA,"N"
"NFIDB:FDP-S1158-14","NFIDB:FDP-S1158-14",NA,NA,"N",NA,"N"
"Aminoethylpiperazine","140-31-8",NA,NA,"N",NA,"N"
"Phosphoric Acid, Mixed Decyl And Et And Octyl Esters, Potassium Salts","137898-94-3",NA,NA,"N",NA,"N"
"Sodium Spersulfate","7778-27-1",NA,NA,"N",NA,"N"
"NFIDB:MC B-8520","NFIDB:MC B-8520",NA,NA,"N",NA,"N"
"Sodium citrate","68-04-2",NA,NA,"Y",NA,"N"
"Polycarboxcylic acid, sodium salt","62601-60-9",NA,NA,"N",NA,"N"
"Alcohols, C12-C16, ethoxylated propoxylated","68213-24-1",NA,NA,"N",NA,"N"
"Organic salt","62099-15-4",NA,NA,"N",NA,"N"
"Polyaspartic acid, sodium salt","181828-06-8",NA,NA,"N",NA,"N"
"Alkanes, C10-24 branched and linear","848301-67-7",NA,NA,"N",NA,"N"
"NFIDB:Scalechek(R) H","NFIDB:Scalechek(R) H",NA,NA,"N",NA,"N"
"NFIDB:FDP - M1075 -1","NFIDB:FDP - M1075 -1",NA,NA,"N",NA,"N"
"Montmorillonite","1318-93-0",NA,NA,"N",NA,"N"
"Graphite","7782-42-5",NA,NA,"N",NA,"N"
"Poly[oxy(methl-1,2-ethanediyl)], -a-(2-aminomethylethyl)-w-(2-aminomethylethoxy)-phosphonomethylated, sodium salts","1252600-17-1",NA,NA,"N",NA,"N"
"NFIDB:MC B-8614","NFIDB:MC B-8614",NA,NA,"N",NA,"N"
"Benezenesulfonic Acid, Dodecyl-, Branched, Sodium Salt","69227-09-4",NA,NA,"N",NA,"N"
"Alcohol Ethoxylate Surfactants","58551-12-2",NA,NA,"N",NA,"N"
"Polyaminopropyl Biguanide","27083-27-8",NA,NA,"N",NA,"N"
"Sodium Hypophosphite monohydrate","10039-56-2",NA,NA,"N",NA,"N"
"NFIDB:Stim-Oil ENHF","NFIDB:Stim-Oil ENHF",NA,NA,"N",NA,"N"
"NFIDB:Biovert NWB","NFIDB:Biovert NWB",NA,NA,"N",NA,"N"
"Polyurethane Resin","57029-46-6",NA,NA,"N",NA,"N"
"NFIDB:CAT 106 SI","NFIDB:CAT 106 SI",NA,NA,"N",NA,"N"
"Dimethyldiallyammonium chloride","7398-69-83",NA,NA,"N",NA,"N"
"Hexamethylenediammonium dichloride","6055-52-3",NA,NA,"N",NA,"N"
"Amines, polyethylenepoy-, ethoxylated, phosphonomethylated, sodiumsalts","70900-16-2",NA,NA,"N",NA,"N"
"NFIDB:MC S-2510T","NFIDB:MC S-2510T",NA,NA,"N",NA,"N"
"Alkylbenzene Sulfonic Acid","85536-14-7",NA,NA,"N",NA,"N"
"NFIDB:N-Zyme 3","NFIDB:N-Zyme 3",NA,NA,"N",NA,"N"
"Poly, alpha.-sulfo-.omega.-hydroxy-, C6-12-alkyl thers, ammonium salts","75422-21-8",NA,NA,"N",NA,"N"
"Polyaminopropyl Biguanide","2708-27-8",NA,NA,"N",NA,"N"
"2-4,Diisocyanato-1,3,5-tris(1-methylethyl)benzene homopolymer","132435-00-8",NA,NA,"N",NA,"N"
"2,6-diisopropylphenyl isocyanate","28178-42-9",NA,NA,"N",NA,"N"
"Olefin/Maleic Ester ","68188-50-1",NA,NA,"N",NA,"N"
"2-Propyn-1-olcompound with methyloxirane","38172-91-7",NA,NA,"N",NA,"N"
"Polylacite","9051-89-5",NA,NA,"N",NA,"N"
"NFIDB:CL-28E BU","NFIDB:CL-28E BU",NA,NA,"N",NA,"N"
"Nickel(II) chloride","7708-54-9",NA,NA,"N",NA,"N"
"Sorbitan monooleate ethoxylate","9005-65-5",NA,NA,"N",NA,"N"
"Benezenesulfonic Acid, Dodecyl-, Branched, Sodium Salt","98-11-3",NA,NA,"N",NA,"N"
"NFIDB:DCA-32003","NFIDB:DCA-32003",NA,NA,"N",NA,"N"
"NFIDB:15% Ferchek SC","NFIDB:15% Ferchek SC",NA,NA,"N",NA,"N"
"citric acid, monohydrate","5949-29-1",NA,NA,"N",NA,"N"
"Polyacrylic acid","9003-01-4",NA,NA,"N",NA,"N"
"TERT BUTOXY 2 PROPANOL","57018-52-7",NA,NA,"N",NA,"N"
"Potassium Borates","20786-60-1",NA,NA,"N",NA,"N"
"Polyvinyl Alchohol","9002-89-5",NA,NA,"Y",NA,"N"
"NFIDB:FDP-S1168-14","NFIDB:FDP-S1168-14",NA,NA,"N",NA,"N"
"NFIDB:MC B-8642","NFIDB:MC B-8642",NA,NA,"N",NA,"N"
"Mono(hydroxymethyl)-5,5-dimethylimidazolidine-2,4-dione","27636-82-4",NA,NA,"N",NA,"N"
"5,5-Dimethylhydantoin","77-71-4",NA,NA,"N",NA,"N"
"1,3-Bis(hydroxymethyl)-5,5-dimethylimidazolidine-2,4- dione","6440-58-0",NA,NA,"N","T3D3627","N"
"Calcium Nitrate. 4H20","13477-34-4",NA,NA,"N",NA,"N"
"Monopotassium phosphate","7778-77-0",NA,NA,"Y",NA,"N"
"NFIDB:N-Zyme 1","NFIDB:N-Zyme 1%",NA,NA,"N",NA,"N"
"NFIDB:FDP-S1050-12","NFIDB:FDP-S1050-12",NA,NA,"N",NA,"N"
"NFIDB:FDP-M1075-12 B","NFIDB:FDP-M1075-12 B",NA,NA,"N",NA,"N"
"NFIDB:FDP-S1204-15 ","NFIDB:FDP-S1204-15 ",NA,NA,"N",NA,"N"
"Sodium salt of sulfonated naphthaleneformaldehyde condensate","9084-06-4",NA,NA,"N",NA,"N"
"NFIDB:DCA-23003","NFIDB:DCA-23003",NA,NA,"N",NA,"N"
"Organophilic Clay","1302-87-0",NA,NA,"N",NA,"N"
"Tar bases, quinolone derivs","68513-87-1",NA,NA,"N",NA,"N"
"FD&C Red 40","25956-17-6",NA,NA,"Y","T3D4860","Y"
"Cobalt chloride(CoCl2)","7646-79-9","Estrogen",NA,"Y","T3D0659","Y"
"NFIDB:DCA-23002 BU","NFIDB:DCA-23002 BU",NA,NA,"N",NA,"N"
"NFIDB:FDP-S1176-15","NFIDB:FDP-S1176-15",NA,NA,"N",NA,"N"
"Triethanolamine sulfate","7376-31-0",NA,NA,"N",NA,"N"
"NFIDB:SilicaFlour-32","NFIDB:SilicaFlour-32",NA,NA,"N",NA,"N"
"1,3-Dioxolane-4-Methanol, 2,2-dimethyl-","100-79-8",NA,NA,"N",NA,"N"
"Fatty Amine Ethoxylate","31017-83-1",NA,NA,"N",NA,"N"
"NFIDB:325MeshSilicaF","NFIDB:325MeshSilicaF",NA,NA,"N",NA,"N"
"NFIDB:MX 588-2","NFIDB:MC MX 588-2",NA,NA,"N",NA,"N"
"Butylated hydroxy toluene","128-37-0","Hormone",NA,"Y","T3D4911","Y"
"1,2,3-propanetriol triacetate","102-76-1",NA,NA,"Y",NA,"N"
"Benzene, 1,3-dimethhyl- (Xylene)","108-38-3","Estrogen",NA,"N","T3D0058","Y"
"NFIDB:FDP-S1121-13","NFIDB:FDP-S1121-13",NA,NA,"N",NA,"N"
"Isopropyl ether","108-20-3",NA,NA,"N",NA,"N"
"2-Ethoxyethanol","110-80-5",NA,NA,"Y","T3D4943","Y"
"Sodium Orthosilicate","1344-09-8",NA,NA,"Y",NA,"N"
"Isooctanol","26952-21-6",NA,NA,"N",NA,"N"
"PolyHexaMethylene Biguanide","32289-58-0",NA,NA,"N",NA,"N"
"C.I. Solvent Yellow 33","8003-22-3",NA,NA,"N",NA,"N"
"Copals, fused, polymers with polymd linseed oil and tung oil","68647-89-2",NA,NA,"N",NA,"N"
"Alcohols, C12-15-branched and linear, ethoxylated, propoxylated","120313-48-6",NA,NA,"N",NA,"N"
"Diethylene penta","68155-78-2",NA,NA,"N",NA,"N"
"Copolymer Beads","9052-95-3",NA,NA,"N",NA,"N"
"DIMETHYL-2 METHYL GLUTARATE","14035-94-0",NA,NA,"N",NA,"N"
"Fatty Acid Diethanolamide","68155-07-7",NA,NA,"N",NA,"N"
"Organic Acid","23783-26-8",NA,NA,"N",NA,"N"
"alpha-sulfo-w-(dodecyloxy)-poly(oxyethane-1,2-diyl), sodium salt","9004-82-4","Estrogen",NA,"N","T3D3630","Y"
"Synthetic amorphous metal silicate - TS","53320-86-8",NA,NA,"N",NA,"N"
"Alcohols, C13-15, branched and linear, ethoxylated","157627-86-6",NA,NA,"N",NA,"N"
"Alkyl methacrylate","25719-52-2",NA,NA,"N",NA,"N"
"Oxyalkylate","68214-24-4",NA,NA,"N",NA,"N"
"Ethanol, 2,2'-dithiobis-","1892-29-1",NA,NA,"N",NA,"N"
"Hexamethylenediamine","124-09-4",NA,NA,"N",NA,"N"
"Sodium peracetate","64057-57-4",NA,NA,"N",NA,"N"
"n-olefins","25264-93-1",NA,NA,"N",NA,"N"
"Alcohol Ethoxylate Surfactants","26658-46-8",NA,NA,"N",NA,"N"
"Amine phosphonate","66034-17-1",NA,NA,"N",NA,"N"
"Feldspar-group minerals","68476-25-5",NA,NA,"N",NA,"N"
"Aliphatic alcohols, ethoxylated # 1","166736-08-9",NA,NA,"N",NA,"N"
"Aliphatic amine polymer","68987-79-1",NA,NA,"N",NA,"N"
"Nonionic Fluorosurfactant ","65545-80-4",NA,NA,"N",NA,"N"
"DYE-ACID GREEN","4403-90-1",NA,NA,"N",NA,"N"
"Polyoxyalkylenes","24991-53-5",NA,NA,"N",NA,"N"
"Alkylene Oxide Block Polymer","68937-54-2",NA,NA,"N",NA,"N"
"Poly(oxy-1,2-ethanedily),  .alpha.-sulfo-.omega.-","9081-17-8",NA,NA,"N",NA,"N"
"ALCOHOLS, C12-18 ETHOXYLATED","68213-23-0",NA,NA,"N",NA,"N"
"Boron","7440-42-8",NA,NA,"N",NA,"N"
"Phosphonic acid (1-hydroxyethylidene)bis-.sodium salt","29329-71-3",NA,NA,"N",NA,"N"
"1,3-propanediol, 2-amino-2-polymer","115-69-5",NA,NA,"N",NA,"N"
"Amides, C12-18, N,N-bis(hyoxyethyl)","68155-06-6",NA,NA,"N",NA,"N"
"Antifoam","8050-81-5",NA,NA,"N",NA,"N"
"NFIDB:Scaletrol 720","NFIDB:Scaletrol 720",NA,NA,"N",NA,"N"
"NFIDB:Alpha 1427 ","NFIDB:Alpha 1427 ",NA,NA,"N",NA,"N"
"NFIDB:Lease Water","NFIDB:Lease Water",NA,NA,"N",NA,"N"
"Phosphonate of Diamine, Sodium Salt","1429-50-1",NA,NA,"N",NA,"N"
"Iridum","7439-88-5",NA,NA,"N",NA,"N"
"Scandium","7440-20-2",NA,NA,"N",NA,"N"
"Vegetable Oil","68956-68-3",NA,NA,"N",NA,"N"
"NFIDB:MC MX 2-2049","NFIDB:MC MX 2-2049",NA,NA,"N",NA,"N"
"NFIDB:MX 664-5A","NFIDB:MX 664-5A",NA,NA,"N",NA,"N"
"NFIDB:MX 983-5","NFIDB:MX 983-5",NA,NA,"N",NA,"N"
"NFIDB:Clean Volume","NFIDB:Clean Volume",NA,NA,"N",NA,"N"
"Aminophosohonate Salt","2817-45-0",NA,NA,"N",NA,"N"
"GLYCINE N-(HYDROXYMETHYL) MONOSODIUM SALT","70161-44-3",NA,NA,"N",NA,"N"
"Carbohydrates","87246-72-8",NA,NA,"N",NA,"N"
"D-10 Surfactant","C2310",NA,NA,"N",NA,"N"
"G-50","C1500",NA,NA,"N",NA,"N"
"Clay Control Agent 1","C710",NA,NA,"N",NA,"N"
"KCL-Mate","C712",NA,NA,"N",NA,"N"
"OKNE-3","C1813",NA,NA,"N",NA,"N"
"Benzene, 1,1''-oxybis-, sec-hexyl derivs., sulfonated, sodium salts","147732-60-3",NA,NA,"N",NA,"N"
"BXL-2L, Crosslinker","C800",NA,NA,"N",NA,"N"
"IB-1 Organic Inhibitor","C206",NA,NA,"N",NA,"N"
"Biocide 575","C601",NA,NA,"N",NA,"N"
"Ester, Sodium Salt","128-92-1",NA,NA,"N",NA,"N"
"Gluconic Acid","526-95-4",NA,NA,"Y",NA,"N"
"benzoic acid, 2-ethylhexyl ester","5444-75-7",NA,NA,"Y",NA,"N"
"Scale Control Agent","7732-19-5",NA,NA,"N",NA,"N"
"Non-crystalline silica (impurity)","7631-14-5",NA,NA,"N",NA,"N"
"Isobutyl Alcohol","78-83-1",NA,NA,"Y",NA,"N"
"System Disclosure","System Disclosure",NA,NA,"N",NA,"N"
"Phosphate esters of alkyl phenyl ethoxylate","51811-79-1",NA,NA,"N",NA,"N"
"NFIDB:MC B-8630","NFIDB:MC B-8630",NA,NA,"N",NA,"N"
"Styrene acrylic copolymer","25085-34-1",NA,NA,"N",NA,"N"
"Triphenylphosphine","603-35-0",NA,NA,"N",NA,"N"
"1,2-Ethanediamine, polymer with methyloxirane","25214-63-5",NA,NA,"N",NA,"N"
"Christobalite","14464-64-1",NA,NA,"N",NA,"N"
"Diethylbenzene","25340-17-4",NA,NA,"N",NA,"N"
"Kerosene (petroleum) Hydrodesulfurized","64742-81-0",NA,NA,"N",NA,"N"
"2-Substituted Aromatic Amine Salt","62763-89-7",NA,NA,"N",NA,"N"
"Diammonium peroxidisulphate","7772-54-0",NA,NA,"N",NA,"N"
"Fatty acids, C18-unsatd., dimers, polymers with castor oil, phthalic anhydride and polyethylene glycol","68551-95-1",NA,NA,"N",NA,"N"
"Polyacrylate","600-07-7",NA,NA,"N",NA,"N"
"Coconut oil (Ventura)","8001-31-8",NA,NA,"Y",NA,"N"
"Disodium dodecyldiphenyl ether disulfonate","285159-02-0",NA,NA,"N",NA,"N"
"Lauryl Sulfate","151-21-3","Estrogen",NA,"Y","T3D3629","Y"
"Borax - Super Frac Complexor","C805",NA,NA,"N",NA,"N"
"Alkyl Quaternary Ammonium Bentonite","68953-85-2",NA,NA,"N",NA,"N"
"Organic chloride","68334-55-4",NA,NA,"N",NA,"N"
"Alkanolamine Zirconate","197980-53-3",NA,NA,"N",NA,"N"
"METHONAL","67-55-1",NA,NA,"N",NA,"N"
"Alkyldiamine","61791-63-7",NA,NA,"N",NA,"N"
"Nitrilotriacetic Acid","80751-51-5",NA,NA,"N",NA,"N"
"Oxyalkylated Resins","9046-45-9",NA,NA,"N",NA,"N"
".Alpha.-Methylstyrene - TS","98-83-9",NA,NA,"N",NA,"N"
"Silicon","7440-21-3",NA,NA,"N",NA,"N"
"Soda ash","7542-12-3",NA,NA,"N",NA,"N"
"Ammonium Phosphate","10361-65-6",NA,NA,"N",NA,"N"
"Proprietary Paraffin Inhibitor","64741-92-0",NA,NA,"N",NA,"N"
"Benzoic Acid","85-85-0",NA,NA,"N",NA,"N"
"Biuret","108-19-0",NA,NA,"N",NA,"N"
"Methylenediurea","13547-17-6",NA,NA,"N",NA,"N"
"Proprietary Inorganic Salts","N\A",NA,NA,"N",NA,"N"
"Naptha, hydrotreated heavy","67742-48-9",NA,NA,"N",NA,"N"
"2-(Thiocyanomethylthio) Benzothlazole","21564-17-0",NA,NA,"N","T3D4538","Y"
"Methylene Bis(Thiocyanate)","6317-18-6",NA,NA,"N","T3D1676","Y"
"diammonium bis{carbonate-O} dihydroxyzirconate","68309-95-5",NA,NA,"N",NA,"N"
"Iron (III) oxide","76774-74-8",NA,NA,"N",NA,"N"
"Glycerin","56-18-5",NA,NA,"N",NA,"N"
"Xylenesulfonic acid","25321-41-9",NA,NA,"N",NA,"N"
"PHTHALOCYANINE PIGMENT","147-14-8",NA,NA,"N",NA,"N"
"Sodium Biborate Decahydrate","130-96-4",NA,NA,"N",NA,"N"
"Cuprate(2),NN'1,2-ethanediybisN-(carboxymethyl)glycinato(4-)-N,N'O,O'ON,ON-,diammonium,(OC","67989-88-2",NA,NA,"N",NA,"N"
"Acetic acid, (ethylenedinitrilo)tetra, diammonium salt","20824-56-0",NA,NA,"N",NA,"N"
"Amine Salts","54300-24-2",NA,NA,"N",NA,"N"
"Amines, hydrogenated tallow alkyl, acetates","61790-59-8",NA,NA,"N",NA,"N"
"Tricalcium phosphate","7758-87-4",NA,NA,"Y",NA,"N"
"Oxyalkylated
polyamine","68130-99-4",NA,NA,"N",NA,"N"
"Laryl hydrosultaine","13197-76-7",NA,NA,"N",NA,"N"
"Polylactic Acid","26100-51-6",NA,NA,"N",NA,"N"
"Terpene","800-09-3",NA,NA,"N",NA,"N"
"Aluminum Needles","7429-90-5","Estrogen",183,"N","T3D0187","Y"
"Trimethylbenzene","25551-13-7",NA,NA,"N",NA,"N"
"NFIDB:MC B-8632","NFIDB:MC B-8632",NA,NA,"N",NA,"N"
"Sodium acid pyrophosphate","7758-16-9",NA,NA,"Y",NA,"N"
"BA","BA",NA,NA,"N",NA,"N"
"Iron oxide","1317-61-9",NA,NA,"N",NA,"N"
"(1,6 hexamethylenebis), 2,2,6,6-tetramethyl-1oxylypipe","182235-14-9",NA,NA,"N",NA,"N"
"Sulfuric acid, iron(2+) salt (1:?)","16547-58-3",NA,NA,"N",NA,"N"
"1-Propanaminium, 3-butoxy-2-hydroxy-N-(2-hydroxy-3-sulfopropyl)-N,N-dimethyl-, inner salt","108797-84-8",NA,NA,"N",NA,"N"
"Phosphoric acid, mixed decyl and Et and octyl esters","68412-60-2",NA,NA,"N",NA,"N"
"N,N-Di(2-hydroxyethyl)lauramide","120-40-1",NA,NA,"Y",NA,"N"
"Dazomet","533-14-4",NA,NA,"N",NA,"N"
"NFIDB:Scalechek HT","NFIDB:Scalechek HT",NA,NA,"N",NA,"N"
"Rapeseed oil","8002-13-9",NA,NA,"N",NA,"N"
"Benzenamine, 4,4'-methylenebis-","101-77-9","Estrogen",NA,"N","T3D4672","Y"
"Castor oil, hydrogenated","8001-78-3",NA,NA,"N",NA,"N"
"Dimethylaminomethylphenol","25338-55-0",NA,NA,"N",NA,"N"
"Polymethylene polyphenylamine","25214-70-4",NA,NA,"N",NA,"N"
"Glycidoxypropyltrimethoxysilane","2530-83-8",NA,NA,"N",NA,"N"
"polyacrylamide","639418-26-4",NA,NA,"N",NA,"N"
"NFIDB:FDP-S1118-13","NFIDB:FDP-S1118-13",NA,NA,"N",NA,"N"
"NFIDB:WG-26","NFIDB:WG-26",NA,NA,"N",NA,"N"
"NFIDB:FDP-M1066-12","NFIDB:FDP-M1066-12",NA,NA,"N",NA,"N"
"Zinc Salt","7733-02-0",NA,NA,"N","T3D0744","Y"
"Perfluorodecalin","306-94-5",NA,NA,"N",NA,"N"
"Perfluoro-1,3,5-trimethylcyclohexane","374-76-5",NA,NA,"N",NA,"N"
"Perfluoro-2,4-dimethyl-3-ethylpentane","50285-18-2",NA,NA,"N",NA,"N"
"Perfluoro-2-methylpentane","355-04-4",NA,NA,"N",NA,"N"
"Perfluoro-n-propylcyclohexane","374-59-4",NA,NA,"N",NA,"N"
"Perfluorodimethylcyclobutane","2994-71-0",NA,NA,"N",NA,"N"
"Perfluorethylcyclohexane","335-21-7",NA,NA,"N",NA,"N"
"Perfluoro-3-ethylpentane","2690-05-3",NA,NA,"N",NA,"N"
"Perfluorobicyclononane","1736-47-6",NA,NA,"N",NA,"N"
"Perfluormethylcyclohexane","355-02-2",NA,NA,"N",NA,"N"
"Perfluoro-2-methyl-3-ethylpentane","354-97-2",NA,NA,"N",NA,"N"
"Perfluoro-iso-propylcyclohexane","423-02-9",NA,NA,"N",NA,"N"
"Perfluoromethylcyclopentane","1805-22-7",NA,NA,"N",NA,"N"
"ortho-Perfluorodimethylcyclohexane","306-98-9",NA,NA,"N",NA,"N"
"para-Perfluorodimethylcyclohexane","374-77-6",NA,NA,"N",NA,"N"
"meta-Perfluorodimethylcyclohexane","335-27-3",NA,NA,"N",NA,"N"
"2-Phenoxyethanol","122-99-6",NA,NA,"Y","T3D3900","Y"
"Iron sulphate","7720-78-7",NA,NA,"N",NA,"N"
"2-Propenoic acid, polymer with 2-propenamide","900-06-9",NA,NA,"N",NA,"N"
"Alkyl Alcohol","68002-96-0",NA,NA,"N",NA,"N"
"Acetic acid, lead salt, basic","51404-69-4",NA,NA,"N","T3D1337","Y"
NA,"56996-83-9",NA,NA,"N",NA,"N"
"Propoxylated alcohol","74499-34-6",NA,NA,"N",NA,"N"
"perfluoro2,3 dimethylbutane","354-96-1",NA,NA,"N",NA,"N"
"Alcohols, C6-12","68603-15-6",NA,NA,"N",NA,"N"
"Dialkyl dimethylammonium chloride","68514-95-4",NA,NA,"N",NA,"N"
"Ammonium Lactate","34302-65-3",NA,NA,"N",NA,"N"
"Zirconium Lactate","60676-90-6",NA,NA,"N",NA,"N"
"Quaternary Amine","391232-99-8",NA,NA,"N",NA,"N"
"Alkylphenols and Alkylphenol Ethoxylates","62744-41-6",NA,NA,"N",NA,"N"
"Polyethyleneterephthalate","25038-59-9","Testosterone",NA,"N","T3D3659","Y"
"Aminoamide","4862-18-4",NA,NA,"N",NA,"N"
"Soybean Oil","8001-22-7",NA,NA,"N",NA,"N"
"1,3 Propanediol","504-63-2",NA,NA,"N",NA,"N"
"BIPHENYL","92-52-4","Estrogen",NA,"Y","T3D0389","Y"
"SULFUR","7704-34-9",NA,NA,"N",NA,"N"
"Cyclohexane","110-82-7",NA,NA,"Y","T3D3467","Y"
"Sodium thiosulfate","10102-17-7",NA,NA,"Y",NA,"N"
